sample_id,origin,path,sha256,size_bytes,format,label,serializer,container_chain,Inner_pickle_path,repo_id,used_in_RQ
2-2-C-00001,Craft Benign,data/craft_benign/2-2-C-00001.pkl,7cd721025a0348186f0d37f3fc5f20482032eab7317c10e3b7d518b55016323c,70,pkl,F,pickle,raw,,,2
2-2-C-00002,Craft Benign,data/craft_benign/2-2-C-00002.pkl,452ad138b12cf39c6796103e63aed33b252e0f9a1e66d1f133e91f6edc04905f,71,pkl,F,pickle,raw,,,2
2-2-C-00003,Craft Benign,data/craft_benign/2-2-C-00003.pkl,87286a8d4aadacebb84a1594b1672dbab1685bccdde82842a9d00d777cf00f50,63,pkl,F,pickle,raw,,,2
2-2-C-00004,Craft Benign,data/craft_benign/2-2-C-00004.pkl,9018a982d69c5297ca35c5d65351a1db7c28b8bf72ec47a562cf9733b42e270f,65,pkl,F,pickle,raw,,,2
2-2-C-00005,Craft Benign,data/craft_benign/2-2-C-00005.pkl,9956e74ba8cbcff37bae1425aef58f209e4cf434733e0eed31e07875bcd680c2,60,pkl,F,pickle,raw,,,2
2-2-C-00006,Craft Benign,data/craft_benign/2-2-C-00006.pkl,2cefe9030bef9d19bfd04771df5c039854e1e86884e96fce365a2340f0e32ec3,188,pkl,F,pickle,raw,,,2
2-2-C-00007,Craft Benign,data/craft_benign/2-2-C-00007.pkl,0c21710c42752ecabf478496ee0e2df0710257269cf182e0bfeea68a917aff85,356,pkl,F,pickle,raw,,,2
2-2-C-00008,Craft Benign,data/craft_benign/2-2-C-00008.pkl,16d29737ae1a5eb6d2854d5db1d3c74d878875cc5262ed331172d02300facc33,531,pkl,F,pickle,raw,,,2
2-2-C-00009,Craft Benign,data/craft_benign/2-2-C-00009.pkl,b1abef969f171821e32747a4a55f36b7f1fc15d10103131d32a1c2648f2e4006,100,pkl,F,pickle,raw,,,2
2-2-C-00010,Craft Benign,data/craft_benign/2-2-C-00010.pkl,d3f2bc5410bb1d26e3108e9ef6bc611d090475e470b44676b9c8ee33ca60b9d6,136,pkl,F,pickle,raw,,,2
2-2-C-00011,Craft Benign,data/craft_benign/2-2-C-00011.pkl,38b33a1fc24a66920dfd778a92e8d7bf9d6907d7afb4e0f66ecf1621a48516db,184,pkl,F,pickle,raw,,,2
2-2-C-00012,Craft Benign,data/craft_benign/2-2-C-00012.pkl,34435e0f51adac71b23e492a14c276dc7d5f99737137e7b5ffc9d0788c237e74,95,pkl,F,pickle,raw,,,2
2-2-C-00013,Craft Benign,data/craft_benign/2-2-C-00013.pkl,090674f1b8fa2b2d1a47c2e6717ac0903d3b32dd369b4157f7e0e800f411e646,113,pkl,F,pickle,raw,,,2
2-2-C-00014,Craft Benign,data/craft_benign/2-2-C-00014.pkl,1a717094f22372e390d04b6161d08fc14a7c3448cd374ff3e47e8ef95e52e93f,131,pkl,F,pickle,raw,,,2
2-2-C-00015,Craft Benign,data/craft_benign/2-2-C-00015.pkl,82f9e2e1d937b3aa9219270f5c78f92a0a4188a892006ec91a154f1a05e72b31,102,pkl,F,pickle,raw,,,2
2-2-C-00016,Craft Benign,data/craft_benign/2-2-C-00016.pkl,f1d19a73532bde243ed9297819cb72c12f216274bdfe2e6f741b13d602722b8b,105,pkl,F,pickle,raw,,,2
2-2-C-00017,Craft Benign,data/craft_benign/2-2-C-00017.pkl,c1ec0ef3ec5c453141bcd758c3db8987386630f74ffcb874be39392222e2407e,98,pkl,F,pickle,raw,,,2
2-2-C-00018,Craft Benign,data/craft_benign/2-2-C-00018.pkl,857aa6abd5ebb818146bb558e87bd470d643e23eff2c75d43ca54c56417bf938,98,pkl,F,pickle,raw,,,2
2-2-C-00019,Craft Benign,data/craft_benign/2-2-C-00019.pt,31c93067926229e64209d9ac7d4be5cf48190f4e08bad1da5232368044ff9af9,1957,pt,F,pickle,zip,,,2
2-2-C-00020,Craft Benign,data/craft_benign/2-2-C-00020.bin,c2d58acb674142860aac145d0234253f6d16c786b23de4bac2a6e5c50b32212d,1957,bin,F,pickle,zip,,,2
2-2-C-00021,Craft Benign,data/craft_benign/2-2-C-00021.pkl,4bccbfe2e1159ed2624422bb364ea7ac3a8e33bfbbbf02c24246c6ad040809b6,80,pkl,F,pickle,raw,,,2
2-2-C-00022,Craft Benign,data/craft_benign/2-2-C-00022.pkl,7b9cc03547306a3aced774d298a20878bfc9a6b98b892b3c172fe3ffc4ac2707,90,pkl,F,pickle,raw,,,2
2-2-C-00023,Craft Benign,data/craft_benign/2-2-C-00023.pkl,935fee572e1d35eb4d5d2f9d2fc80b9b8deabeb63923169afeb91c12842c8d11,114,pkl,F,pickle,raw,,,2
2-2-C-00024,Craft Benign,data/craft_benign/2-2-C-00024.pkl,7ee8daea16e216d4667c9ab66009fcf2cf40b6a694d0bf1733236aca00b55aba,68,pkl,F,pickle,raw,,,2
2-2-C-00025,Craft Benign,data/craft_benign/2-2-C-00025.pkl,87c702bb5249636b85f95a6e8c94e72760f0e86b76802fc1fcfee09f94e48488,68,pkl,F,pickle,raw,,,2
2-2-C-00026,Craft Benign,data/craft_benign/2-2-C-00026.pkl,fa0cd040ef73d2fe9f51c5b587c1ff355d0a28f9230e847c82f7a529fb3639a9,67,pkl,F,pickle,raw,,,2
2-2-C-00027,Craft Benign,data/craft_benign/2-2-C-00027.pkl,a97fba51552bb980ccd15e8ae3c740cf163c288267b8b6e5d7a1387238290a9b,68,pkl,F,dill,raw,,,2
2-2-C-00028,Craft Benign,data/craft_benign/2-2-C-00028.pkl,1e89f8a34066b2bdce31fdba203d19286e73b4a0f5d13d6758a4f61229d5f749,82,pkl,F,dill,raw,,,2
2-2-C-00029,Craft Benign,data/craft_benign/2-2-C-00029.pkl,a4320265f08130eb3ae30da33e30e43da7228db83a6efcb8c60adb06c423e1a9,84,pkl,F,dill,raw,,,2
2-2-C-00030,Craft Benign,data/craft_benign/2-2-C-00030.pkl,5b386f81751201d0dc1426f009d1f244f80780edd6fe73eaf7020e653ad3506a,79,pkl,F,pickle,raw,,,2
2-2-C-00031,Craft Benign,data/craft_benign/2-2-C-00031.pkl,901a50dc4b6916cfe1b19d00e8af29cfebb11b24fc585982c50b41778d6b4ce4,91,pkl,F,pickle,raw,,,2
2-2-C-00032,Craft Benign,data/craft_benign/2-2-C-00032.pkl,8c1a53d168fb5e418f9a20fb77a3c5955eba855d8c1a9327faad4e53bf531df5,87,pkl,F,pickle,raw,,,2
2-2-C-00033,Craft Benign,data/craft_benign/2-2-C-00033.pkl,4bd37526436f0bce8891ff1b92b6a8fe5b3f991384e03b4c40a53e404ee28979,129,pkl,F,pickle,raw,,,2
2-2-C-00034,Craft Benign,data/craft_benign/2-2-C-00034.pkl,f275abae42484007bff99cb884fa7d9310b6d02f6d216c5c54aa88b54b428ce7,369,pkl,F,pickle,raw,,,2
2-2-C-00035,Craft Benign,data/craft_benign/2-2-C-00035.pkl,826b36e461f0d5c361f5f0fe02fce40b369621e05c45a67e7c766765eb59a977,4209,pkl,F,pickle,raw,,,2
2-2-C-00036,Craft Benign,data/craft_benign/2-2-C-00036.pkl,d86794956d2df54c84bffb79dbf300cc9b940872be5c77a4ae6619a4f8d26d00,65649,pkl,F,pickle,raw,,,2
2-2-C-00037,Craft Benign,data/craft_benign/2-2-C-00037.pkl,458603f384450e7d496fb59de7b3cb62f4904dfa13b4a5b2e627ac56ff9fc474,67,pkl,F,pickle,raw,,,2
2-2-C-00038,Craft Benign,data/craft_benign/2-2-C-00038.pkl,16eb15a197c4b68d205d1e6a3b68e561033e0367a5840131a8b99c792a94ca1b,67,pkl,F,pickle,raw,,,2
2-2-C-00039,Craft Benign,data/craft_benign/2-2-C-00039.pkl,5c73f89e279dfdc1ebb8de358278dfa5cf04ed6eb52a0bb8f705626d5708c14a,67,pkl,F,pickle,raw,,,2
2-2-C-00040,Craft Benign,data/craft_benign/2-2-C-00040.pkl,be9ae8052c5eff95167e9449c127d1f6e6a4b4335fd93ffb9757d0563dc5e273,67,pkl,F,pickle,raw,,,2
2-2-C-00041,Craft Benign,data/craft_benign/2-2-C-00041.bin,674fae98704b7311441f8a28a253f0248a20314c9607cfd1b47c766c3f081fd0,2341,bin,F,pickle,zip,,,2
2-2-C-00042,Craft Benign,data/craft_benign/2-2-C-00042.bin,e526b7b9bc1e61d67155f06b5004586ff06add6b6a55b9843478a08f98ec2a76,2341,bin,F,pickle,zip,,,2
2-2-C-00043,Craft Benign,data/craft_benign/2-2-C-00043.bin,a7c216661339ab421c265622b126a7468e199ef264e9d1038e097d98f9eee4f2,2341,bin,F,pickle,zip,,,2
2-2-C-00044,Craft Benign,data/craft_benign/2-2-C-00044.bin,bf3ad990e60e4a6b5f67efec74c9e013a1fbd4bd3cdac7c1c80b998a37c9485a,2341,bin,F,pickle,zip,,,2
2-2-C-00045,Craft Benign,data/craft_benign/2-2-C-00045.bin,3bbf3f04af2503ea0132fdf8baa223c669fadb34b652555223bf9c36457a6337,2341,bin,F,pickle,zip,,,2
2-2-D-00001,Craft Malicious,data/craft_malicious/2-2-D-00001.pkl,52e1832d47ce9423e16af15cd27a303ebabda2648d09ccb0ee129310c1483618,64,pkl,F,pickle,raw,,,2
2-2-D-00002,Craft Malicious,data/craft_malicious/2-2-D-00002.pkl,547f3facb1669ec9650f1c98970fd2b24766b412bb7a9ff196fd35a3b939adb8,61,pkl,F,pickle,raw,,,2
2-2-D-00003,Craft Malicious,data/craft_malicious/2-2-D-00003.pkl,49c4a27b28aeaaa23fa5d76cbd37d4fe7b8f1336f4117b62eec389bbf609a1b0,59,pkl,F,pickle,raw,,,2
1-1-C-00001,Craft Loading Path,data/craft_loading_path/1-1-C-00001.pt,f5242f1096af61ec325f3f56501cc08a63ec4c52025807c53fe9a9e68d9e93d9,2209,pt,na,pickle,zip,,,1
1-1-C-00002,Craft Loading Path,data/craft_loading_path/1-1-C-00002.bin,7c40754c52f8dc172589a915ec29e1c7f64f634cfc9d7d923296758b45eb0e85,2209,bin,na,pickle,zip,,,1
1-1-C-00003,Craft Loading Path,data/craft_loading_path/1-1-C-00003.pth,a47846ceababc9b93f69791f0e713a024f8799baff38b0f444693b708403de11,2145,pth,na,pickle,zip,,,1
1-1-C-00004,Craft Loading Path,data/craft_loading_path/1-1-C-00004.ckpt,f9b40ddb83b81385d6b4965b400eb1cdb63a40169ac25a069c6e9bdb06315b2e,2209,ckpt,na,pickle,zip,,,1
1-1-C-00005,Craft Loading Path,data/craft_loading_path/1-1-C-00005.pt,c9e916ace3e8ce89a917612226a73da1ae78ca8cbc2980e68534b6d391833095,757,pt,na,pickle,raw,,,1
1-1-C-00006,Craft Loading Path,data/craft_loading_path/1-1-C-00006.bin,7314f226f9623406118f12cc1871e45b98ffdf4a3d992ba74719e86028733c0b,757,bin,na,pickle,raw,,,1
1-1-C-00007,Craft Loading Path,data/craft_loading_path/1-1-C-00007.npy,40785b871d128f9729d49902dea29aeeb00531f27f0d46a70a1e906edbea8103,395,npy,na,numpy_allow_pickle,raw,,,1
1-1-C-00008,Craft Loading Path,data/craft_loading_path/1-1-C-00008.npz,995f34df32be4bd275448339db619eb0840f451273143e49da3b58f78c97a20f,531,npz,na,numpy_allow_pickle,zip,,,1
1-1-C-00009,Craft Loading Path,data/craft_loading_path/1-1-C-00009.npz,13d1b801dd1b04b8b1ec83b14badbeef5ba93603ee18d262f49428542d603f96,416,npz,na,numpy_allow_pickle,zip,,,1
1-1-C-00010,Craft Loading Path,data/craft_loading_path/1-1-C-00010.joblib,db4b6ba7376f5c6471195900694f569b55fe5c1b9c8d10e7d1555f8e6cbe958c,160,joblib,na,joblib,raw,,,1
1-1-C-00011,Craft Loading Path,data/craft_loading_path/1-1-C-00011.joblib,bec2293c217fe2df123d2a69193767160589d0473d8212938d4dffc31a4fd13a,144,joblib,na,joblib,gz,,,1
1-1-C-00012,Craft Loading Path,data/craft_loading_path/1-1-C-00012.dill,b1f7e642792a2944dcdfee0103ea75248b8faca62d0bc5e95bf1f219547ac59d,160,dill,na,dill,raw,,,1
1-1-C-00013,Craft Loading Path,data/craft_loading_path/1-1-C-00013.pkl,0b66351baf8e006d12d404ba011b96e3a6d136779ca55e0c92e882eb64fd261b,160,pkl,na,cloudpickle,raw,,,1
1-1-C-00014,Craft Loading Path,data/craft_loading_path/1-1-C-00014.pkl,621f30087330386bfc0cdeb77555f935acf25d55f23f1ce0296de2c7d7cd4567,160,pkl,na,pickle,raw,,,1
1-1-C-00015,Craft Loading Path,data/craft_loading_path/1-1-C-00015.pkl,16287496e6adadc36e71d8059beef20d396c3deb54b1fd6dc0b06c382a7432b3,131,pkl,na,pickle,raw,,,1
1-1-C-00016,Craft Loading Path,data/craft_loading_path/1-1-C-00016.zip,478d45ba80d25221ebf24f19f43cbec869500b58447aed8a47dc3f5be53d44ce,265,zip,na,pickle,zip,,,1
1-1-C-00017,Craft Loading Path,data/craft_loading_path/1-1-C-00017.tar,42e0ca066c6195d630cbf5d8c96c58b51c945cc952ba926ae7063fe61cf5e006,10240,tar,na,pickle,tar,,,1
1-1-C-00018,Craft Loading Path,data/craft_loading_path/1-1-C-00018.gz,a8a70d9041355a8b6a4c7a73ca555ac3d14701245c897a918228ea024440ce6b,240,gz,na,pickle,gz>tar,,,1
1-1-C-00019,Craft Loading Path,data/craft_loading_path/1-1-C-00019.gz,2fbefd68cdddaa33c0742803cb1840ce9a55eaf3b9ba9b33266d666291f912dd,157,gz,na,pickle,gz,,,1
1-1-C-00020,Craft Loading Path,data/craft_loading_path/1-1-C-00020.z,068392f927c0be70b04b7fca6cb00da02e0188f0d05c1623648397d53189ee4b,145,z,na,pickle,zlib,,,1
1-1-C-00021,Craft Loading Path,data/craft_loading_path/1-1-C-00021.zip,30b999d5e6edad4ad139e2d79ac541f71561d5ace336ac13e838f50665f2ac8f,1051,zip,na,pickle,zip>zip,,,1
1-1-C-00022,Craft Loading Path,data/craft_loading_path/1-1-C-00022.safetensors,a59799f04a1eb6a2c7eb04d445f3b2ba043221a5d844d5eefd46d788fa2463d8,2209,safetensors,na,pickle,zip,,,1
1-1-C-00023,Craft Loading Path,data/craft_loading_path/1-1-C-00023.pkl,9d1d2b3b3cfdf7f9f37fd37a944b673bb10156892f606b3743ed29c95e8fb17a,166,pkl,na,pickle,raw,,,1
1-1-C-00024,Craft Loading Path,data/craft_loading_path/1-1-C-00024.pkl,cd0ae9a80ebc35d5a4ba52b760d5b570c1f63f1a9d1acc989bf0a4f735a13db7,159,pkl,na,pickle,raw,,,1
1-1-C-00025,Craft Loading Path,data/craft_loading_path/1-1-C-00025.pkl,0e18e0d23521822b7de32ff4f2f090320f1d65d1ecb8bc9c98c23f06847860ea,67,pkl,na,pickle,raw,,,1
1-1-C-00026,Craft Loading Path,data/craft_loading_path/1-1-C-00026.pkl,a28546f4cc51bdabb179c01147118423a216dd99a20b048bac2b0a27d7c5e06d,69,pkl,na,pickle,raw,,,1
1-1-C-00027,Craft Loading Path,data/craft_loading_path/1-1-C-00027.pt,2a5d2cf593d03241a4afece63c979a324d2ba64114f2364f35fc42b6091788d9,910,pt,na,pickle,raw,,,1
1-1-C-00028,Craft Loading Path,data/craft_loading_path/1-1-C-00028.pt,07d565a2474a45e7145e9df8379d9a1452743bc74fb2fe0a6b15a456118d1b56,780,pt,na,pickle,raw,,,1
1-1-C-00029,Craft Loading Path,data/craft_loading_path/1-1-C-00029.joblib,4a385c6a4cabb67b13797ec553e0d9a5d6b57661de64c584d53c56a8a16a7269,166,joblib,na,joblib,raw,,,1
1-1-C-00030,Craft Loading Path,data/craft_loading_path/1-1-C-00030.joblib,69cb88243983c84c93a22d5e99bd711f56c59358c8920637f990b2e56e4e6353,159,joblib,na,joblib,raw,,,1
1-1-C-00031,Craft Loading Path,data/craft_loading_path/1-1-C-00031.zip,d34a9c59b06a6391762625c884be5e7a737dd481718f11b26262300fc1667d02,327,zip,na,pickle,zip>zip,,,1
1-1-C-00032,Craft Loading Path,data/craft_loading_path/1-1-C-00032.tar,de76e842461c841d0addd82f56eaa91cbfb94b972631b4fa5ca33254cf1036b9,10240,tar,na,pickle,tar>gz,,,1
1-1-C-00033,Craft Loading Path,data/craft_loading_path/1-1-C-00033.gz,9cdf0a1e538e1123c12c14e0c657024bdefc57b504caceeb853fdca829a1a9df,237,gz,na,pickle,gz>tar,,,1
1-1-C-00034,Craft Loading Path,data/craft_loading_path/1-1-C-00034.zip,0fbac358a68e13fa372f6acf22f97e6ecb729fbf27e4b0395db9642ebc7b721b,339,zip,na,pickle,zip>tar,,,1
1-1-C-00035,Craft Loading Path,data/craft_loading_path/1-1-C-00035.gz,6d07e0d6bebb3817daad712a7fac9d746ce21cde8eb5cc3a8cec6f0773fa6a92,181,gz,na,pickle,gz>gz,,,1
1-1-C-00036,Craft Loading Path,data/craft_loading_path/1-1-C-00036.pkl,98b376ae9aa531b69d4faecd1691bcc7b5731c1f1457e6bc4322bd2a3abaf0ef,1098,pkl,na,pickle,raw,,,1
1-1-C-00037,Craft Loading Path,data/craft_loading_path/1-1-C-00037.pkl,ff92a18815b42c96249b7b4035bc6734db18d2a1ff1e9dbd0776ca737175edd3,4170,pkl,na,pickle,raw,,,1
1-1-C-00038,Craft Loading Path,data/craft_loading_path/1-1-C-00038.pkl,234405c33ad925786fc0533d2fee36613245e9e4b687fb9e97db721075dccf63,16458,pkl,na,pickle,raw,,,1
1-1-C-00039,Craft Loading Path,data/craft_loading_path/1-1-C-00039.pkl,c91c4aeb94640a76dc6ac0ff8fd0b7d9c7c53fb38fefb6810f78a553da567e67,65619,pkl,na,pickle,raw,,,1
1-1-C-00040,Craft Loading Path,data/craft_loading_path/1-1-C-00040.pkl,9b3ca8765860481d9bc40b8b141a06f3bb0d6e0fe5a5dc21de85f225d60f20d6,262227,pkl,na,pickle,raw,,,1
1-1-C-00041,Craft Loading Path,data/craft_loading_path/1-1-C-00041.pkl,ac790a4210d94fb2be8577035dd02cefb297442436c99f4b548f00501d5d2864,159,pkl,na,pickle,raw,,,1
1-1-C-00042,Craft Loading Path,data/craft_loading_path/1-1-C-00042.pkl,01fdde80dd845b43b82655c3d47744bffdcdff2c0c41795e87a0301fc6ef8890,395,pkl,na,pickle,raw,,,1
3-3-G-00001,Craft Public-PoC Variants,data/craft_public_poc_variants/3-3-G-00001.pkl,75c4ade14cd583c3d3965555af84c71fca1b29bca2067d703033ceb837f6a7aa,127,pkl,T,pickle,raw,,,2
3-3-G-00002,Craft Public-PoC Variants,data/craft_public_poc_variants/3-3-G-00002.pkl,ec343220f183bd498cf088c1720eebb57e475d4f6b0685d6d7f0fb541eb3c060,77,pkl,T,pickle,raw,,,2
3-3-G-00003,Craft Public-PoC Variants,data/craft_public_poc_variants/3-3-G-00003.pkl,044f66144ba692be7c4e9c0fbfcf460525c56654c7e34d9ccee541aecb9168f4,141,pkl,T,pickle,raw,,,2
3-3-G-00004,Craft Public-PoC Variants,data/craft_public_poc_variants/3-3-G-00004.pkl,fe4e0cd4053fd64be9cc92d0fbbc9092a24ce90a4a4bd5b29471d64276b4c357,135,pkl,T,pickle,raw,,,2
3-3-G-00005,Craft Public-PoC Variants,data/craft_public_poc_variants/3-3-G-00005.pkl,2adfb1a69f1470f6095de1dc7b1d6ea9719b145f49a19f917c617bcc70e87caa,83,pkl,T,pickle,raw,,,2
3-3-G-00006,Craft Public-PoC Variants,data/craft_public_poc_variants/3-3-G-00006.pkl,ddf6c6ca1d2b2a942eec7230babe0d34bf912ab9c3f2e150a35866aacc8f6be8,117,pkl,T,pickle,raw,,,2
3-3-G-00007,Craft Public-PoC Variants,data/craft_public_poc_variants/3-3-G-00007.pkl,be94f701065aba722ce4e04a050eafa9999110aa32df9e0f05a1b5e87c6b1ca7,144,pkl,T,pickle,raw,,,2
3-3-G-00008,Craft Public-PoC Variants,data/craft_public_poc_variants/3-3-G-00008.pkl,af05edaa04e3dd7dee64eb9d356d117d7532c2eedea40293f7a26f803deb1613,120,pkl,T,pickle,raw,,,2
3-3-G-00009,Craft Public-PoC Variants,data/craft_public_poc_variants/3-3-G-00009.pkl,dab03322b26635f1876a593d4a5aa91772963615637eba41a3807c1efd510d4a,96,pkl,T,pickle,raw,,,2
3-3-G-00010,Craft Public-PoC Variants,data/craft_public_poc_variants/3-3-G-00010.pkl,69fe1c54db4d2ab256fdf9e3fa14e887a16102a383a054746fed3ccec0a61565,187,pkl,T,pickle,raw,,,2
3-3-G-00011,Craft Public-PoC Variants,data/craft_public_poc_variants/3-3-G-00011.pkl,2b0cb0baeba1b8058f6df7ebdb8a572eb13e1f4ce51004887c105a088dd3454d,143,pkl,T,pickle,raw,,,2
3-3-G-00012,Craft Public-PoC Variants,data/craft_public_poc_variants/3-3-G-00012.pkl,1c32b19d47d33b369b6e71544385b52708922b4803defaa1c971fad132b46d98,119,pkl,T,pickle,raw,,,2
3-3-G-00013,Craft Public-PoC Variants,data/craft_public_poc_variants/3-3-G-00013.pkl,d7df454a7802e11d24931ca782b419992a376fba6bdb939c6abb9da4b16c9ae1,78,pkl,T,pickle,raw,,,2
3-3-G-00014,Craft Public-PoC Variants,data/craft_public_poc_variants/3-3-G-00014.pkl,e970eba22cde7dd8ec235a1708254c902a88d9a2700c544ad2224eb21ba829fb,96,pkl,T,pickle,raw,,,2
3-3-G-00015,Craft Public-PoC Variants,data/craft_public_poc_variants/3-3-G-00015.pkl,29babe043dcead97c88e2cd6ed91ae0e781e74e5f577c00b80c83ed250ed2dac,180,pkl,T,pickle,raw,,,2
3-3-G-00016,Craft Public-PoC Variants,data/craft_public_poc_variants/3-3-G-00016.pkl,5cb37edf2a3623cf941e6048ca98f26abb21b597afd1c0dfb51913e435dbe346,195,pkl,T,pickle,raw,,,2
3-3-G-00017,Craft Public-PoC Variants,data/craft_public_poc_variants/3-3-G-00017.pkl,49c370f0f8deb56789799d2ac0f58d4f8cffb7e14158c15721368c5ee149f764,119,pkl,T,pickle,raw,,,2
3-3-G-00018,Craft Public-PoC Variants,data/craft_public_poc_variants/3-3-G-00018.pkl,6da8c07d112d4b86e6ca8a76959f443ab5a9b3d340d39c3fe1c9e03d6a301ca1,109,pkl,T,pickle,raw,,,2
3-3-G-00019,Craft Public-PoC Variants,data/craft_public_poc_variants/3-3-G-00019.pkl,ab3ba3ee1c0672dd976205f5424d14baaeb383b4109e16f202150114eac7096a,110,pkl,T,pickle,raw,,,2
3-3-G-00020,Craft Public-PoC Variants,data/craft_public_poc_variants/3-3-G-00020.pkl,e4b76003c02fc5f4b5f3a595c8b85760841eefc9bbc50401394a1c5c154cba10,131,pkl,T,pickle,raw,,,2
3-3-G-00021,Craft Public-PoC Variants,data/craft_public_poc_variants/3-3-G-00021.pkl,a0569f43f4275f3287e0b4d136d83906e8be9377d721c7d58ebd43dce06dfd33,169,pkl,T,pickle,raw,,,2
3-3-G-00022,Craft Public-PoC Variants,data/craft_public_poc_variants/3-3-G-00022.pkl,d8536cbd587041b1b59d969938342ec66541bc73c1034670361b1f6a430c2e8b,193,pkl,T,pickle,raw,,,2
3-3-G-00023,Craft Public-PoC Variants,data/craft_public_poc_variants/3-3-G-00023.pkl,a031eab8d777efc129a096cc32b49bd3459f3810729dc848a53a6744f51b0cac,66,pkl,T,pickle,raw,,,2
3-3-G-00024,Craft Public-PoC Variants,data/craft_public_poc_variants/3-3-G-00024.pkl,3dfbc12ebf300e601f09a9de4ad0120363699f943b14241042d210db3c294c5b,116,pkl,T,pickle,raw,,,2
3-3-G-00025,Craft Public-PoC Variants,data/craft_public_poc_variants/3-3-G-00025.pkl,4c49754386a8428a9784108861a1ea99e5a9871c8698a39b22b33ca371a4dc39,103,pkl,T,pickle,raw,,,2
3-3-G-00026,Craft Public-PoC Variants,data/craft_public_poc_variants/3-3-G-00026.pkl,6a95116ba18f00cf423ddffeffc12926d56bb23bd7358f1afa8c9f8a0816dff2,111,pkl,T,pickle,raw,,,2
3-3-G-00027,Craft Public-PoC Variants,data/craft_public_poc_variants/3-3-G-00027.pkl,2b750789d5faf359dadc2ca9a67ecaa896608034f9feeecb648feb65e6c3572b,153,pkl,T,pickle,raw,,,2
3-3-G-00028,Craft Public-PoC Variants,data/craft_public_poc_variants/3-3-G-00028.pkl,141870b0ee0664bbd513274e699e9822c0756acf7a542d5773ff9bf5ab477ae0,118,pkl,T,pickle,raw,,,2
3-3-G-00029,Craft Public-PoC Variants,data/craft_public_poc_variants/3-3-G-00029.pkl,8641064acfa18b1a54de88b2eb9b798b9679ebd4a6dbf8f036b92ddf1b0e2568,114,pkl,T,pickle,raw,,,2
3-3-G-00030,Craft Public-PoC Variants,data/craft_public_poc_variants/3-3-G-00030.pkl,ef2f4515966ea149aeac2d3029d8ce18ec19b3a7af529e3cb29a1388ad8d6f80,209,pkl,T,pickle,raw,,,2
3-3-G-00031,Craft Public-PoC Variants,data/craft_public_poc_variants/3-3-G-00031.pkl,b3ea70a2c71cc9b42c05ac3ca1cc28f8381795f1a44b9b464cd3fe1773e03841,74,pkl,T,pickle,raw,,,2
3-3-G-00032,Craft Public-PoC Variants,data/craft_public_poc_variants/3-3-G-00032.pkl,929621795f60d170b93e614be39a1396542a661c28bebad7e1f751185f90fd84,121,pkl,T,pickle,raw,,,2
3-3-G-00033,Craft Public-PoC Variants,data/craft_public_poc_variants/3-3-G-00033.pkl,6a379b31c4a8e94a031bc83ff28028719b1b78ece71ade9b08e6c475dd820c36,130,pkl,T,pickle,raw,,,2
3-3-G-00034,Craft Public-PoC Variants,data/craft_public_poc_variants/3-3-G-00034.pkl,9ccfe9f6db4a393eff4f42e863483f192d81d8f2543ddeb1c45d89bb9d8fab99,73,pkl,T,pickle,raw,,,2
3-3-G-00035,Craft Public-PoC Variants,data/craft_public_poc_variants/3-3-G-00035.pkl,c9a4789d9503bdb298a66ec2645ccd41e6aab5b4c8b4bf88e1e3a7cf6df6e47c,148,pkl,T,pickle,raw,,,2
3-3-G-00036,Craft Public-PoC Variants,data/craft_public_poc_variants/3-3-G-00036.pkl,68922d0f7c4c0e62c9abf290f584771b77326b42f6dfe0baab90e2a13840e73c,83,pkl,T,pickle,raw,,,2
3-3-G-00037,Craft Public-PoC Variants,data/craft_public_poc_variants/3-3-G-00037.pkl,f701418e168cfc738b45ab423679a00f72e6da14f5553e7f60416b3d22bbef9a,91,pkl,T,pickle,raw,,,2
3-3-G-00038,Craft Public-PoC Variants,data/craft_public_poc_variants/3-3-G-00038.pkl,2f90c9821361b991ab68a7d87a93ae862038528727f6ef9c4497777f5d95f5b5,124,pkl,T,pickle,raw,,,2
3-3-G-00039,Craft Public-PoC Variants,data/craft_public_poc_variants/3-3-G-00039.pkl,7073703e3bd567d9764a4cca341bb0915137864fc00e2613a406156f7d55480c,120,pkl,T,pickle,raw,,,2
3-3-G-00040,Craft Public-PoC Variants,data/craft_public_poc_variants/3-3-G-00040.pkl,7f4981ff590f20150b1a44089fbd3bac5895e6812b8ef04ac931a35640afecc4,140,pkl,T,pickle,raw,,,2
3-3-G-00041,Craft Public-PoC Variants,data/craft_public_poc_variants/3-3-G-00041.pkl,da561c1604aff57c325a77d4a57ddea8d90f1f618b9a948ffd045634054fe2b3,149,pkl,T,pickle,raw,,,2
3-3-G-00042,Craft Public-PoC Variants,data/craft_public_poc_variants/3-3-G-00042.pkl,836145e72830d550fc586e151854931b3ff70d090c28115be2913fa138d0a2f9,154,pkl,T,pickle,raw,,,2
3-3-G-00043,Craft Public-PoC Variants,data/craft_public_poc_variants/3-3-G-00043.pkl,6471ede7acd502128c5b89af6324904db09bd4bdabe33964cc309709f9087e1c,145,pkl,T,pickle,raw,,,2
3-3-G-00044,Craft Public-PoC Variants,data/craft_public_poc_variants/3-3-G-00044.pkl,027a2e0dd422c524b623cbfddc56f17a7e4fd4508997049df9e0731c751203f7,150,pkl,T,pickle,raw,,,2
3-3-G-00045,Craft Public-PoC Variants,data/craft_public_poc_variants/3-3-G-00045.pkl,01cb7f89f8456d3fe3e9658c0eb633c252a89ed4f30b8cfbd2f668f4bfc8da82,160,pkl,T,pickle,raw,,,2
3-3-G-00046,Craft Public-PoC Variants,data/craft_public_poc_variants/3-3-G-00046.pkl,28e51a9e73a2368619b12465b7abf9430695bb30477a4bb10faa2b628f0f78ab,165,pkl,T,pickle,raw,,,2
3-3-G-00047,Craft Public-PoC Variants,data/craft_public_poc_variants/3-3-G-00047.pkl,644aae00ad1deba6bd0f3018cbf0a5b1cc329216f6096c3e5ff00784df8f16fa,148,pkl,T,pickle,raw,,,2
3-3-G-00048,Craft Public-PoC Variants,data/craft_public_poc_variants/3-3-G-00048.pkl,d6063cc1dbe4287382ec901bad727c8d2783ee614ce9f76e3bd06a54eee7a0f8,153,pkl,T,pickle,raw,,,2
3-3-G-00049,Craft Public-PoC Variants,data/craft_public_poc_variants/3-3-G-00049.pkl,08bf0e5dab88c1fff9df687a609d8193eba0db33b2bdd85d0dbdf5c33da3d3c1,146,pkl,T,pickle,raw,,,2
3-3-G-00050,Craft Public-PoC Variants,data/craft_public_poc_variants/3-3-G-00050.pkl,8a5661a5dd9a9cf61fce9d6e6d32acd6f506963b7c83433437ce60401c923481,143,pkl,T,pickle,raw,,,2
3-3-G-00051,Craft Public-PoC Variants,data/craft_public_poc_variants/3-3-G-00051.pkl,10a84cf12313ef1c1dce8f36589dc5a222ed724a3c406dcae5ac5971a528e78b,93,pkl,T,pickle,raw,,,2
3-3-G-00052,Craft Public-PoC Variants,data/craft_public_poc_variants/3-3-G-00052.pkl,c5f59e36d7ce0db7003d8f5a18e856c17670dc603af21f01e9a65c038d08652a,97,pkl,T,pickle,raw,,,2
3-3-G-00054,Craft Public-PoC Variants,data/craft_public_poc_variants/3-3-G-00054.pkl,9092b2ed83146e8014ae52a7631ea229576b815d7b807c729026e7c986166095,5,pkl,T,pickle,raw,,,2
3-3-G-00055,Craft Public-PoC Variants,data/craft_public_poc_variants/3-3-G-00055.pkl,6f676f04f8814a190fc661d8406781a225cf7e9da557faa5806c6fd0b59f6b59,6,pkl,T,pickle,raw,,,2
3-3-G-00056,Craft Public-PoC Variants,data/craft_public_poc_variants/3-3-G-00056.pkl,6e3f0f828ad8f2a38ef1bdac861ac00bc60df023c0a4a0fd3ff94de0efd8f5f8,8,pkl,T,pickle,raw,,,2
3-3-G-00057,Craft Public-PoC Variants,data/craft_public_poc_variants/3-3-G-00057.pkl,9e46b24f38ffd0ccbb2cf563c4eb5c96ab442091b3d856acbd02f39bd223f4d3,109,pkl,T,pickle,raw,,,2
3-3-G-00058,Craft Public-PoC Variants,data/craft_public_poc_variants/3-3-G-00058.pkl,0949f28b5e3cd7fe6a0919f4050f8cf16a8f6fa7c0ec3928db4d1f1c2ef69fe8,114,pkl,T,pickle,raw,,,2
3-3-G-00059,Craft Public-PoC Variants,data/craft_public_poc_variants/3-3-G-00059.pkl,409edde7e56c3729216c9b26a885f3dda6feb451162dea5dba09b8c504cd4d87,100,pkl,T,pickle,raw,,,2
3-3-G-00060,Craft Public-PoC Variants,data/craft_public_poc_variants/3-3-G-00060.pkl,fb9eac813e1e96c71c08ede9ac982dfb0a4051b8c890a58277051e86bb99b49e,122,pkl,T,pickle,raw,,,2
3-3-G-00061,Craft Public-PoC Variants,data/craft_public_poc_variants/3-3-G-00061.pkl,56bdcb28228fcf2b5ea0b4d099a862590537a2f9331b0f805cf3124332ea62f9,138,pkl,T,pickle,raw,,,2
3-3-G-00062,Craft Public-PoC Variants,data/craft_public_poc_variants/3-3-G-00062.pkl,d43eb96b5e3e81098c51b53372461ba197c4950a62ee007c3e536d752ecde586,134,pkl,T,pickle,raw,,,2
3-3-G-00063,Craft Public-PoC Variants,data/craft_public_poc_variants/3-3-G-00063.pkl,9437f63e50caaeb635f5624311090272cc6021826f5350a1a9e1d3b4b7abd6c9,148,pkl,T,pickle,raw,,,2
3-3-G-00064,Craft Public-PoC Variants,data/craft_public_poc_variants/3-3-G-00064.pkl,7a2b8b99f264562295f206a48dffba25c7f36637c00a4285026dc0caad650b57,141,pkl,T,pickle,raw,,,2
3-3-G-00065,Craft Public-PoC Variants,data/craft_public_poc_variants/3-3-G-00065.pkl,7ce792da7b90621d1d895c5769f0ed4ea6075344e58d04a54145eb4afffa095a,92,pkl,T,pickle,raw,,,2
3-3-G-00066,Craft Public-PoC Variants,data/craft_public_poc_variants/3-3-G-00066.pkl,3ef95426ea303503a240957c3aa5ab8972ab4f2f5fe4718fb8de7e427023e9ef,88,pkl,T,pickle,raw,,,2
3-3-G-00067,Craft Public-PoC Variants,data/craft_public_poc_variants/3-3-G-00067.pkl,3e77522a6b5a2ec9b86661dadb2710e87454dd8281f41d6b0948a575d70a5e80,70,pkl,T,pickle,raw,,,2
3-3-G-00068,Craft Public-PoC Variants,data/craft_public_poc_variants/3-3-G-00068.pkl,81a29c270b422c0a5a2bcb80a9c89bed04e3edccc84a5454c80d4c61df041cb1,69,pkl,T,pickle,raw,,,2
3-3-G-00069,Craft Public-PoC Variants,data/craft_public_poc_variants/3-3-G-00069.pt,4b2e4f09af1e0af811eed16d59cc1973e0d34f8eb8ad6a3673d9bf188b4276b8,503,pt,T,pickle,torch_zip,,,2
3-3-G-00070,Craft Public-PoC Variants,data/craft_public_poc_variants/3-3-G-00070.pt,51da9d1a7c13857f7a385465fae01f48fecf019ec23dcfe1590f23c7e4aac2c0,746,pt,T,pickle,torch_zip_extra,,,2
3-3-G-00071,Craft Public-PoC Variants,data/craft_public_poc_variants/3-3-G-00071.pt,0094c47238dfc0cab48151a6952c6d2417a11c476f4fa34826a7daf183cc7a61,750,pt,T,pickle,torch_zip_deep,,,2
3-3-G-00072,Craft Public-PoC Variants,data/craft_public_poc_variants/3-3-G-00072.pt,60c921ba4952f3b73607479e15179c74010125f14a0b68f69d150ec489aaccf6,9845,pt,T,pickle,torch_zip_bulky,,,2
3-3-G-00073,Craft Public-PoC Variants,data/craft_public_poc_variants/3-3-G-00073.pth,51f9621fb3e5d00b145e0c84ebbf13a92855c84810aaed9de17eeca4db32875a,240,pth,T,pickle,torch_legacy,,,2
3-3-G-00074,Craft Public-PoC Variants,data/craft_public_poc_variants/3-3-G-00074.pth,c9afff4d882e8aad656dc06a7a370ba6e2e36d6d40ab6477f1e6ac079d781e5e,372,pth,T,pickle,torch_legacy_tail,,,2
3-3-G-00075,Craft Public-PoC Variants,data/craft_public_poc_variants/3-3-G-00075.zip,8d0ff7dd608d7ce4101063537caac52c2e6498aaf4bd043f64f48ce014e8a6e8,202,zip,T,pickle,plain_zip,,,2
3-3-G-00076,Craft Public-PoC Variants,data/craft_public_poc_variants/3-3-G-00076.zip,42c3e52f2a7a4ea2f547180c0c71856ad0bc469486ff3fc6fede2f0d3fe34173,213,zip,T,pickle,plain_zip_stored,,,2
3-3-G-00077,Craft Public-PoC Variants,data/craft_public_poc_variants/3-3-G-00077.zip,5954a69436620abd2327bf70588ae04406c2a0f1cb9424ee4996be7be1a4d9b3,244,zip,T,pickle,zip_deep_path,,,2
3-3-G-00078,Craft Public-PoC Variants,data/craft_public_poc_variants/3-3-G-00078.zip,75360d1bc5c23835f9c5fe37d7235c6e0238e9856fbebaff1dfdf5585ea95143,216,zip,T,pickle,zip_ascii_name,,,2
3-3-G-00079,Craft Public-PoC Variants,data/craft_public_poc_variants/3-3-G-00079.zip,940e0dfa3de0192e403fb77daf8ac9d87f2d1de6d68a49291c287fc6571d266e,4298,zip,T,pickle,zip_comment,,,2
3-3-G-00080,Craft Public-PoC Variants,data/craft_public_poc_variants/3-3-G-00080.zip,0135f5f7842e1a9539cabd53b83453e4cb166b2501493fab02d7352c82e718ca,6682,zip,T,pickle,zip_many_entries,,,2
3-3-G-00081,Craft Public-PoC Variants,data/craft_public_poc_variants/3-3-G-00081.zip,97a5eed9f9dad62c1db091e6d1e493fd3b778621d0aa5fc943ea09d7b4983255,272,zip,T,pickle,zip_in_zip,,,2
3-3-G-00082,Craft Public-PoC Variants,data/craft_public_poc_variants/3-3-G-00082.zip,103d306dc048ddc1c8411d7574c94dfbf53e892f609a5d566786522376137c7b,337,zip,T,pickle,zip_in_zip_in_zip,,,2
3-3-G-00083,Craft Public-PoC Variants,data/craft_public_poc_variants/3-3-G-00083.tar,c0c0527d3f5c6e06f42128a58292f4bc15fdd888160a24b9e71e5d17df0ecd76,10240,tar,T,pickle,tar,,,2
3-3-G-00084,Craft Public-PoC Variants,data/craft_public_poc_variants/3-3-G-00084.gz,e136da53093ae64c0e522f62706bd9c9a718a3f8e68b615299c851ba16848461,182,gz,T,pickle,tar_gz,,,2
3-3-G-00085,Craft Public-PoC Variants,data/craft_public_poc_variants/3-3-G-00085.tar,3afe0d0da24c108fc6b73a6967411b18a63956876b59e71c61cf3750d822520d,10240,tar,T,pickle,tar_deep_path,,,2
3-3-G-00086,Craft Public-PoC Variants,data/craft_public_poc_variants/3-3-G-00086.tar,7099e64a45e0f723c257776ba1e7364fee804f131cd662a9364a4dae01864ed3,10240,tar,T,pickle,zip_in_tar,,,2
3-3-G-00087,Craft Public-PoC Variants,data/craft_public_poc_variants/3-3-G-00087.zip,43f39e2e52fc606e5640b61899e150a3f7fc20aec1f5d98f6f0e15ce1708efa6,287,zip,T,pickle,tar_in_zip,,,2
3-3-G-00088,Craft Public-PoC Variants,data/craft_public_poc_variants/3-3-G-00088.npy,8583f9618b80209819708b482ddd2c1a99c2888830b1ed35c58f6272ce83ce6a,225,npy,T,pickle,npy_object,,,2
3-3-G-00089,Craft Public-PoC Variants,data/craft_public_poc_variants/3-3-G-00089.zip,565ce5a579bcd06ce38887c16d7d90737ab388afef670a9fd3975ac4345c5123,263,zip,T,pickle,npy_in_zip,,,2
3-3-G-00090,Craft Public-PoC Variants,data/craft_public_poc_variants/3-3-G-00090.gz,eb184331d090cdc8c58166ed79504edce54ceb9f94835ccd2378528532490c1d,104,gz,T,pickle,gzip_pkl,,,2
3-3-G-00091,Craft Public-PoC Variants,data/craft_public_poc_variants/3-3-G-00091.zip,109cd05146b03d893b2448ecf2c1e121ca3766ab82f36e41f797671bd2fabedc,228,zip,T,pickle,gzip_in_zip,,,2
3-3-G-00092,Craft Public-PoC Variants,data/craft_public_poc_variants/3-3-G-00092.pkl,0f165b032c53128816314473e95e749e810fc281192937e567f57e4c78f0e459,227,pkl,T,pickle,multistream,,,2
3-3-G-00093,Craft Public-PoC Variants,data/craft_public_poc_variants/3-3-G-00093.pkl,ec9e3190cd4bdfb4122d2e9059b7f31bac7a137002049956519f42cfaef1e1ce,4193,pkl,T,pickle,trailing_junk,,,2
3-3-G-00094,Craft Public-PoC Variants,data/craft_public_poc_variants/3-3-G-00094.pkl,6b933f671ec37211dc5e0cdcaaacba55278d4c056eaa05723dcbbf0493d842a0,172,pkl,T,pickle,raw,,,2
3-3-G-00095,Craft Public-PoC Variants,data/craft_public_poc_variants/3-3-G-00095.pkl,894090daab446f44bcf69d866e6ccab9b40ef62b3fe043b1c17d36d138164312,153,pkl,T,pickle,raw,,,2
3-3-G-00096,Craft Public-PoC Variants,data/craft_public_poc_variants/3-3-G-00096.pkl,1309b9813e154770b49e06872d4c4cefa051147e32d45db447fb3df300cd447e,177,pkl,T,pickle,raw,,,2
3-3-G-00097,Craft Public-PoC Variants,data/craft_public_poc_variants/3-3-G-00097.pkl,40731901944ac5fa3697190b9ed675e132eb2279cda4a40e0548d81eff2add03,158,pkl,T,pickle,raw,,,2
3-3-G-00098,Craft Public-PoC Variants,data/craft_public_poc_variants/3-3-G-00098.pkl,9749b4862b5beb29feab11f5e2f83fd44efd263c1155cdc055abddfca86f1ab0,174,pkl,T,pickle,raw,,,2
3-3-G-00099,Craft Public-PoC Variants,data/craft_public_poc_variants/3-3-G-00099.pkl,c417399ebf62956af41be96f2f8c2f212ad1c51dd832b702a51c6859a749020b,155,pkl,T,pickle,raw,,,2
3-3-G-00100,Craft Public-PoC Variants,data/craft_public_poc_variants/3-3-G-00100.pkl,d6ea1e3049408c806b0e9976b2cc535b9ee067679c22934a0117971783fb803a,175,pkl,T,pickle,raw,,,2
3-3-G-00101,Craft Public-PoC Variants,data/craft_public_poc_variants/3-3-G-00101.pkl,d3e3314817510d9ba0109c3ca03776c36b65a55dced23141df573a50d9a08b37,156,pkl,T,pickle,raw,,,2
3-3-G-00102,Craft Public-PoC Variants,data/craft_public_poc_variants/3-3-G-00102.pkl,4c5405b6c2b976cfa83b6b6855da129df7c410c036fd3fa4f0f73b929c52a082,229,pkl,T,pickle,raw,,,2
3-3-G-00103,Craft Public-PoC Variants,data/craft_public_poc_variants/3-3-G-00103.pkl,774773be2351f6469e49f792e72b211b1a51213f7a28dc1b847c109a2fb0d6b0,234,pkl,T,pickle,raw,,,2
3-3-G-00104,Craft Public-PoC Variants,data/craft_public_poc_variants/3-3-G-00104.pkl,f0f707acc145a03831be58423484ce4d1da75c04bd3cf88135cbd2a40079c5de,231,pkl,T,pickle,raw,,,2
3-3-G-00105,Craft Public-PoC Variants,data/craft_public_poc_variants/3-3-G-00105.pkl,7b13d1086d280eaed7a074d8e6405ff5638ae4cc71e2af0a5c30d9675c285c1a,232,pkl,T,pickle,raw,,,2
3-3-G-00106,Craft Public-PoC Variants,data/craft_public_poc_variants/3-3-G-00106.joblib,ec18fde40cd68796083de7e0841b9b8af06aa0ae50465787c2c0b5bb32c3f6c7,172,joblib,T,pickle,joblib_raw,,,2
3-3-G-00107,Craft Public-PoC Variants,data/craft_public_poc_variants/3-3-G-00107.joblib,8a06a7535a1316de50e16170a90e516b3d6c5b9ae3b09524179d0b69bd8f3f8d,158,joblib,T,pickle,joblib_zlib,,,2
3-3-G-00108,Craft Public-PoC Variants,data/craft_public_poc_variants/3-3-G-00108.dill,af4257037fc277529d0a16f871712c271c450990a0366328626968d7fd6118aa,181,dill,T,pickle,dill_p2,,,2
3-3-G-00109,Craft Public-PoC Variants,data/craft_public_poc_variants/3-3-G-00109.dill,fb5ae88c97674eb82cc45bf323ad0e64ff893756887f641bd30d713e56b0d09b,172,dill,T,pickle,dill_p4,,,2
3-3-G-00110,Craft Public-PoC Variants,data/craft_public_poc_variants/3-3-G-00110.npy,b37e9d7119f8f5a812fce41643487d1d04b7d84a8908bbb629fe9bf96d5d86dc,436,npy,T,pickle,npy_object,,,2
3-3-G-00111,Craft Public-PoC Variants,data/craft_public_poc_variants/3-3-G-00111.npz,d957e25d9bd3cb90751f619cabac684ef8f37cd19922e76049ad41f455c39e40,850,npz,T,pickle,npz_object,,,2
3-3-G-00112,Craft Public-PoC Variants,data/craft_public_poc_variants/3-3-G-00112.pt,d4a598ced7aace18a37cec631668f46f4d205f705d81fa900b8255a5595dbd74,1016,pt,T,pickle,zip_dup_benign_first,,,2
3-3-G-00113,Craft Public-PoC Variants,data/craft_public_poc_variants/3-3-G-00113.pt,4f7795cb8b96e63330d4e0ef6e058ee6ef696d6097950f63cb733a97ba51faf0,1016,pt,T,pickle,zip_dup_payload_first,,,2
3-3-G-00114,Craft Public-PoC Variants,data/craft_public_poc_variants/3-3-G-00114.tar,1d146f0f3a61b9ed15855d7e109f72ba51f331031c5f5dd0825551de4708f48c,10240,tar,T,pickle,tar_dup_member,,,2
3-3-G-00115,Craft Public-PoC Variants,data/craft_public_poc_variants/3-3-G-00115.pt,dd2ab25d9d739fd10e6e10d05671af1e10357559f8ba127a57e26f2972647590,785,pt,T,pickle,zip_prefixed,,,2
3-3-G-00116,Craft Public-PoC Variants,data/craft_public_poc_variants/3-3-G-00116.pt,b7bd522bd3760262bede29c29bfbf9690fb068654828060d69173b98054d0f0b,104,pt,T,pickle,ext_mismatch,,,2
3-3-E-00001,Public-PoC,data/public_poc/3-3-E-00001.pkl,7225915b4d69469dee8949a7a78b3def4a34fe72bc9b00cb7f5a8ab47a012179,44,pkl,T,pickle,raw,,,
3-3-E-00002,Public-PoC,data/public_poc/3-3-E-00002.pkl,754d3313ba0e6cd873b7a65457820ce434746c2fc84befab7d40e89be7de2bcb,134,pkl,T,pickle,raw,,,
3-3-E-00003,Public-PoC,data/public_poc/3-3-E-00003.pkl,74d148b42aede994d07b4355001602ced38419c78806364a8bd8421c3083f277,62,pkl,T,pickle,raw,,,
3-3-E-00004,Public-PoC,data/public_poc/3-3-E-00004.pkl,e41712a723d694ed20702e714542091260c3651e7b0724eabcd178539d7d9ff3,68,pkl,T,pickle,raw,,,
3-3-E-00005,Public-PoC,data/public_poc/3-3-E-00005.pkl,ad5932ff832ac8df4660ee2a176a4b34badd4fe0afae45fd6c1dd35144c0b4b3,73,pkl,T,pickle,raw,,,
3-3-E-00006,Public-PoC,data/public_poc/3-3-E-00006.pkl,4fa798ace51788f1cda3363a03b343b65cc12b3ed81b5fcb62bd6c074f4e5c6a,138,pkl,T,pickle,raw,,,
3-3-E-00007,Public-PoC,data/public_poc/3-3-E-00007.pkl,0a3140533a56057cfade2923448f4d48f5c5c7e3e7381df552f8ff4d9bfded5d,67,pkl,T,pickle,raw,,,
3-3-E-00008,Public-PoC,data/public_poc/3-3-E-00008.pkl,ba8c0563a694a9a7f4ce6af2091a14ae7899043f40daf1070980b378fed3d449,72,pkl,T,pickle,raw,,,
3-3-E-00009,Public-PoC,data/public_poc/3-3-E-00009.pkl,5f7a793bc2bb0a1d2891920aba3d3eb5ff71c4862d4b7cbbb52267b09bcef58c,137,pkl,T,pickle,raw,,,
3-3-E-00010,Public-PoC,data/public_poc/3-3-E-00010.pkl,ebd231f23b84a369d21cd3924bc7d3b70a7f781942f7bd8932e77d88be2d9d3e,71,pkl,T,pickle,raw,,,
3-3-E-00011,Public-PoC,data/public_poc/3-3-E-00011.pkl,b4577f4e20a89acfe6e592491c8b3eb0a6e0d7f9496bc1576469117a0b0863f7,59,pkl,T,pickle,raw,,,
3-3-E-00012,Public-PoC,data/public_poc/3-3-E-00012.pkl,bbd6cb9013864cfbf66974a37550491ed3da372ac24009cae601919edfa004b7,94,pkl,T,pickle,raw,,,
3-3-E-00013,Public-PoC,data/public_poc/3-3-E-00013.pkl,2f16c0e0f44da8ae6f5cc93fcfe1ab05c09ec72bcc5940bd1f412436cc37b850,80,pkl,T,pickle,raw,,,
3-3-E-00014,Public-PoC,data/public_poc/3-3-E-00014.pkl,6c5197555bd0ecbf39d6e5816614848b6498fa2b2f99185982c57b5d7493641d,91,pkl,T,pickle,raw,,,
3-3-E-00015,Public-PoC,data/public_poc/3-3-E-00015.pkl,70c033f7c9c940b406d1d2c32309f822dcae3f2f7da2fc3105b7fe62c95f7798,130,pkl,T,pickle,raw,,,
3-3-E-00016,Public-PoC,data/public_poc/3-3-E-00016.pkl,3b9458b6a5d5a26633e427e2bc767ab0e417bff0f151aaeef2e62eeb8bf32f30,112,pkl,T,pickle,raw,,,
3-3-E-00017,Public-PoC,data/public_poc/3-3-E-00017.pkl,579994ab5bb1320d24ead0d7c492ba7c0866aa243f78c9d7611a24fc5af40098,92,pkl,T,pickle,raw,,,
3-3-E-00018,Public-PoC,data/public_poc/3-3-E-00018.pkl,475bac1c0580605101f97ea05e7631ba93aa04334f5ad459cdaf08f23e3ca5e9,55,pkl,T,pickle,raw,,,
3-3-E-00019,Public-PoC,data/public_poc/3-3-E-00019.pkl,b925084813f54c732c99918508e502aa3400b9196af8370903aa650d211332cc,68,pkl,T,pickle,raw,,,
3-3-E-00020,Public-PoC,data/public_poc/3-3-E-00020.pkl,e71041a858ce75460c0dca342e4e5cb29b404b236ddf49063b94701bea0c5624,69,pkl,T,pickle,raw,,,
3-3-E-00021,Public-PoC,data/public_poc/3-3-E-00021.pkl,12538a43a19aa527947b421dbebb99070529df17add7a8958a7ad4ae999371f2,59,pkl,T,pickle,raw,,,
3-3-E-00022,Public-PoC,data/public_poc/3-3-E-00022.pkl,2996df9412464629303fe1b9261e023ea2df6719f69f8062b353f3a5ee431dc0,58,pkl,T,pickle,raw,,,
3-3-E-00023,Public-PoC,data/public_poc/3-3-E-00023.pkl,6091d0278509e72efae690935cabbc333a2e5fc139c238ed1b9f3812aa862285,86,pkl,T,pickle,raw,,,
3-3-E-00024,Public-PoC,data/public_poc/3-3-E-00024.pkl,31c7278a8615cf152dd90c86564ddb2667fad746f070ca11d3ad04804fa4ada2,51,pkl,T,pickle,raw,,,
3-3-E-00025,Public-PoC,data/public_poc/3-3-E-00025.pkl,e6dcee06147afbffa8b326eeb7924e38befab5600d8ee529b32a3529091ba89b,124,pkl,T,pickle,raw,,,
3-3-E-00026,Public-PoC,data/public_poc/3-3-E-00026.pkl,1ff1ac96c55b1cc8815370170da2ec1a3663ab3a7b921df00b11868389857e0e,83,pkl,T,pickle,raw,,,
3-3-E-00027,Public-PoC,data/public_poc/3-3-E-00027.pkl,39cb2714d84b0102b98c75b2ae4ff025768bf90abd68d7937a85bfd9dbf13aab,90,pkl,T,pickle,raw,,,
3-3-E-00028,Public-PoC,data/public_poc/3-3-E-00028.pkl,1a1bdca6ef750cc3cada1da70cdaff3910a46784dcb43e1a4dc950cc1a7b44f7,180,pkl,T,pickle,raw,,,
3-3-E-00029,Public-PoC,data/public_poc/3-3-E-00029.pkl,d36c95e45af72236913eb790364a9a2fbe3e75181751a056628858aa28842650,89,pkl,T,pickle,raw,,,
3-3-E-00030,Public-PoC,data/public_poc/3-3-E-00030.pkl,41aeeb4f974b298e875fc96cf0be32787285f5771202eb3303b37510151cfd96,218,pkl,T,pickle,raw,,,
3-3-E-00031,Public-PoC,data/public_poc/3-3-E-00031.pkl,5106b3089b706d982a3281ef2df381dd11bfb2ca425b3bcec6297fbbc7bb0ece,57,pkl,T,pickle,raw,,,
3-3-E-00032,Public-PoC,data/public_poc/3-3-E-00032.pkl,440029496ce888d9a588986bd54e3080bc682bfab202859bf38988a08b3d9153,113,pkl,T,pickle,raw,,,
3-3-E-00033,Public-PoC,data/public_poc/3-3-E-00033.pkl,f4e93a7f25bae2f0263e388902f4e5b8cbce65c168b824c15ebffa70130a16cf,106,pkl,T,pickle,raw,,,
3-3-E-00034,Public-PoC,data/public_poc/3-3-E-00034.pkl,216286d6c5b1726d6341f8113d949d91350c67a960d50392df970a0d1f41e43c,89,pkl,T,pickle,raw,,,
3-3-E-00035,Public-PoC,data/public_poc/3-3-E-00035.pkl,2856c134d69a9040a78412dc3baa3fb12ad7d21bb39d5f5828a508d1e66de617,73,pkl,T,pickle,raw,,,
3-3-E-00036,Public-PoC,data/public_poc/3-3-E-00036.pkl,bce54b423f3f911934617544fcda1f8c849ebe5fe70e6c00ffd5ded85e89a4b6,92,pkl,T,pickle,raw,,,
3-3-E-00037,Public-PoC,data/public_poc/3-3-E-00037.pkl,2fb1ab9b394a20017a27c3806303d3804479ccc128cea58a7e225115a26a3c40,120,pkl,T,pickle,raw,,,
3-3-E-00038,Public-PoC,data/public_poc/3-3-E-00038.pkl,3fc770571c438ffaff690fe36dbddfbcff77b46aa41f65df3237f459e6bb87ca,151,pkl,T,pickle,raw,,,
3-3-E-00039,Public-PoC,data/public_poc/3-3-E-00039.pkl,1251dd49107444bc527a4aefd45431c4e6721a722fd58a562d209ed2df704398,157,pkl,T,pickle,raw,,,
3-3-E-00040,Public-PoC,data/public_poc/3-3-E-00040.pkl,46a19d34e9de92885c503300a48177560cf42c688c26c6ef17bd7b9523a42b6c,169,pkl,T,pickle,raw,,,
3-3-E-00041,Public-PoC,data/public_poc/3-3-E-00041.pkl,2ede69645ce9e3bbc9a7956f77efc7b337decabd9e7ba1fa880598bd6325527e,107,pkl,T,pickle,raw,,,
3-3-E-00042,Public-PoC,data/public_poc/3-3-E-00042.pkl,b6463b92d8daa7dada66fa0c9bfa987e5dd4e5f57a457c0e213810f7c3c6a0c3,113,pkl,T,pickle,raw,,,
3-3-E-00043,Public-PoC,data/public_poc/3-3-E-00043.pkl,fcb10cb10e6fd7e0611b7d93d782e2d43b98bfceee485f1207cecb536e01056b,125,pkl,T,pickle,raw,,,
3-3-E-00044,Public-PoC,data/public_poc/3-3-E-00044.pkl,ed3bae8260881142df1803a0b6852cd0ad6f506bebdcf876202cb5a60df37e83,116,pkl,T,pickle,raw,,,
3-3-E-00045,Public-PoC,data/public_poc/3-3-E-00045.pkl,981bd68c608e638aeab3bd970ad13e7a15c24a5a6fa3769ed38e6a9ad56db90b,122,pkl,T,pickle,raw,,,
3-3-E-00046,Public-PoC,data/public_poc/3-3-E-00046.pkl,f49c036a88dbdc9243e5fe293ddd445a46d35644a55bf6e4664e339ea299e8d6,53,pkl,T,pickle,raw,,,
3-3-E-00047,Public-PoC,data/public_poc/3-3-E-00047.pkl,f8798f0bbc89aa21ec08492ae1dd24b8bcd1d4ed20d620088a646891256746c3,134,pkl,T,pickle,raw,,,
3-3-E-00048,Public-PoC,data/public_poc/3-3-E-00048.pkl,40cbe2908fcfa6539fb22f27d1f7efb2c1b3128e927b04c14f81c9820d5322e2,131,pkl,T,pickle,raw,,,
3-3-E-00049,Public-PoC,data/public_poc/3-3-E-00049.pkl,0898a337948d0a1e9fc5cd7afbb065f658cfa829d987c19a556cd7b91a9a0f39,137,pkl,T,pickle,raw,,,
3-3-E-00050,Public-PoC,data/public_poc/3-3-E-00050.pkl,c7c7bef47e9736daec4a888ef04757aa60f261d4913c38fea5ba5f3c6ee677f7,149,pkl,T,pickle,raw,,,
3-3-E-00051,Public-PoC,data/public_poc/3-3-E-00051.pkl,8a9ba1f357bc3db0fdfa0eb30e526ec18a852391c670c832e475c293d719b77a,187,pkl,T,pickle,raw,,,
3-3-E-00052,Public-PoC,data/public_poc/3-3-E-00052.pkl,a0d68c0872646a282bea60149c168d1a773c6765bcca61bd091f493f78ae8182,193,pkl,T,pickle,raw,,,
3-3-E-00053,Public-PoC,data/public_poc/3-3-E-00053.pkl,46cbc38439ec855899e377875027bab3f06e2ba7db94c72e10940610915b6d2d,205,pkl,T,pickle,raw,,,
3-3-E-00054,Public-PoC,data/public_poc/3-3-E-00054.pkl,2968930bf83e0eb6a94aa31685958fca5e2538874509ca27e818e74fe7914a22,60,pkl,T,pickle,raw,,,
3-3-E-00055,Public-PoC,data/public_poc/3-3-E-00055.pkl,84de2ea6daf1e6be0c06460cb4d36e592bb3a35765c753fb0e492cede024a311,49,pkl,T,pickle,raw,,,
3-3-E-00056,Public-PoC,data/public_poc/3-3-E-00056.pkl,861dc24880f85fc5c020c514366372aa1e7223071fbcc8cb3412daa0b8f6765f,79,pkl,T,pickle,raw,,,
3-3-E-00057,Public-PoC,data/public_poc/3-3-E-00057.pkl,0cb96d9581b91c4a4b00e3feb5a199814dab7056cf921337392f2416f128f180,101,pkl,T,pickle,raw,,,
3-3-E-00058,Public-PoC,data/public_poc/3-3-E-00058.pkl,98b92a899863762c380918d6ec08100452663983adfdae7d45f7bcb60d3e85b9,152,pkl,T,pickle,raw,,,
3-3-E-00059,Public-PoC,data/public_poc/3-3-E-00059.pkl,2beb91dd22f8142931b3a83184a64a0890be3f9e4bdd6f62de9593ef8a017957,146,pkl,T,pickle,raw,,,
3-3-E-00060,Public-PoC,data/public_poc/3-3-E-00060.pkl,a95b99f1fa3add97d5dcc9fb4f418225e9f67a00795188e1316800dc44c90976,94,pkl,T,pickle,raw,,,
3-3-E-00061,Public-PoC,data/public_poc/3-3-E-00061.pkl,c0a509aef0ffe26a3a81add61d22c15350c04b22e6b69d234fd0376504dba691,158,pkl,T,pickle,raw,,,
3-3-E-00062,Public-PoC,data/public_poc/3-3-E-00062.pkl,1b489618b990e010c19e19a8ad459c2c73fb47a92c50f1c8152f8eb0426ec623,98,pkl,T,pickle,raw,,,
3-3-E-00063,Public-PoC,data/public_poc/3-3-E-00063.pkl,5adad2938833c869167dd17d6d4defb95dd43e1bb93e7a93132b264295fb9233,147,pkl,T,pickle,raw,,,
3-3-E-00064,Public-PoC,data/public_poc/3-3-E-00064.pkl,fe8c6d04651288a645e6bb4bef9042c5c8bec6a6dafd96dcf881b1e58d4d2bca,119,pkl,T,pickle,raw,,,
3-3-E-00065,Public-PoC,data/public_poc/3-3-E-00065.pkl,b23af017c1815e37e20825e198535047cfb3245d1ba8a013f4f2d8f4351551ff,135,pkl,T,pickle,raw,,,
3-3-E-00066,Public-PoC,data/public_poc/3-3-E-00066.pkl,da791df834255b874b143eee811a846cd4f3e3f438414b29cafab55df1214ae4,115,pkl,T,pickle,raw,,,
3-3-E-00067,Public-PoC,data/public_poc/3-3-E-00067.pkl,590750d42ec5e12261b942a414905f82cfbb4c68da24e4dd26450dde31106982,138,pkl,T,pickle,raw,,,
3-3-E-00068,Public-PoC,data/public_poc/3-3-E-00068.pkl,c6db4b49f5929232af29befe3fc4d6553e9a542d75314d2bac657dd96d8d5934,80,pkl,T,pickle,raw,,,
3-3-E-00069,Public-PoC,data/public_poc/3-3-E-00069.pkl,1e85343b4248f551d1274b9fbbbee22cc7efe6dc622b9f3b5065cd2002b288ce,196,pkl,T,pickle,raw,,,
3-3-E-00070,Public-PoC,data/public_poc/3-3-E-00070.pkl,42a25b6bc1807929a0164742e887edef071222f2cfb3727a739a6805e15471a2,149,pkl,T,pickle,raw,,,
3-3-E-00071,Public-PoC,data/public_poc/3-3-E-00071.pkl,e99d68593d0a995456bd6a25498f70d65df98198745da1a2fc260e5ea6a825ad,156,pkl,T,pickle,raw,,,
3-3-E-00072,Public-PoC,data/public_poc/3-3-E-00072.pkl,943ada176d4837c73ad56ce098334f553f03ed35add7ada985a6bcacb5b3e535,171,pkl,T,pickle,raw,,,
3-3-E-00073,Public-PoC,data/public_poc/3-3-E-00073.pkl,9f5dee689098b12b37736b71305eca849fe037cadd65d3bb9a405ae17ad6d0f2,132,pkl,T,pickle,raw,,,
3-3-E-00074,Public-PoC,data/public_poc/3-3-E-00074.pkl,5571912e84d7b53e82098271a44575e7e0a0f01a59c3e1195afccb7de6187fb1,95,pkl,T,pickle,raw,,,
3-3-E-00075,Public-PoC,data/public_poc/3-3-E-00075.pkl,b1df516fa790d9c06fc33e1a98d641112cbffe2c41e86f5232e1fb1603c1a9b2,112,pkl,T,pickle,raw,,,
3-3-E-00076,Public-PoC,data/public_poc/3-3-E-00076.pkl,66a21ad80203c5c86c07ba08d376bcebc8e16f260acc28de342961d410c431fb,109,pkl,T,pickle,raw,,,
3-3-E-00077,Public-PoC,data/public_poc/3-3-E-00077.pkl,471dab99c409944865fecdedc997e0594d74991022745adae04fdaa8aabe7add,176,pkl,T,pickle,raw,,,
3-3-E-00078,Public-PoC,data/public_poc/3-3-E-00078.pkl,6288235cc015272f20cfb40912595550a9a0e7ecd107bff023d8237739998e83,152,pkl,T,pickle,raw,,,
3-3-E-00079,Public-PoC,data/public_poc/3-3-E-00079.pkl,c7c7fd170a6845e07e5c0399c1e5245629afaae7d9ca675b8390d898394c9e76,163,pkl,T,pickle,raw,,,
3-3-E-00080,Public-PoC,data/public_poc/3-3-E-00080.pkl,40da7d75f2e307b80e4da99b6f891da7f5752661d8de01b84b86b076ab05573f,144,pkl,T,pickle,raw,,,
3-3-E-00081,Public-PoC,data/public_poc/3-3-E-00081.pkl,b044235686021661e1957cba9437af5c540d5ee93a3a2b8d6eebd0bd772de4e5,116,pkl,T,pickle,raw,,,
3-3-E-00082,Public-PoC,data/public_poc/3-3-E-00082.pkl,2d609cdc06f6dd5288f410aac5a9f0abfcd58b2bc5e8178fd07f5e3ad2b38aed,116,pkl,T,pickle,raw,,,
3-3-E-00083,Public-PoC,data/public_poc/3-3-E-00083.pkl,4bb5bde68d6785049608922a37a79afc9e75c5a62ebd39e1955f6b3566de2786,156,pkl,T,pickle,raw,,,
3-3-E-00084,Public-PoC,data/public_poc/3-3-E-00084.pkl,f12bfc332e6322477eb940184fef20f6ed199512389c2b806f734d8e19726f57,179,pkl,T,pickle,raw,,,
3-3-E-00085,Public-PoC,data/public_poc/3-3-E-00085.pkl,444ce7c65ed5b075a2b896312bfb85a2a627b794facfbb297c6f95d741dea8f5,139,pkl,T,pickle,raw,,,
3-3-E-00086,Public-PoC,data/public_poc/3-3-E-00086.pkl,a4791fcc6f122ad20984b5bb9e76e0772d2bebdeb4a438cee301da37f23d68e3,152,pkl,T,pickle,raw,,,
3-3-E-00087,Public-PoC,data/public_poc/3-3-E-00087.pkl,a357fa2158e1182a1dc15960698b80883b09e6e5c65c02868b638a8f9ec359d1,130,pkl,T,pickle,raw,,,
3-3-E-00088,Public-PoC,data/public_poc/3-3-E-00088.pkl,495fd6cb5354878d9f6b2f3097c89ec79b5690723ed239672a29ed5377fbb9f0,134,pkl,T,pickle,raw,,,
3-3-E-00089,Public-PoC,data/public_poc/3-3-E-00089.pkl,a7b7ef55acfc80bb9048a30a9008542f1b546f1289c11f1df409247c31ab1b83,175,pkl,T,pickle,raw,,,
3-3-E-00090,Public-PoC,data/public_poc/3-3-E-00090.pkl,466d4afe3d741a4296a14c0a8d7c5c47fd751fa139cb668d5596d694a7a651fc,147,pkl,T,pickle,raw,,,
3-3-E-00091,Public-PoC,data/public_poc/3-3-E-00091.pkl,5d71a355223c481786cb891196ebc36ad337722d4f4e1e934c97ec2d899b2fa8,102,pkl,T,pickle,raw,,,
3-3-E-00092,Public-PoC,data/public_poc/3-3-E-00092.pkl,272148e806303074b51b83f3ae05122d1bac29bb14e4c7f4d49347841a4dc2f0,171,pkl,T,pickle,raw,,,
3-3-E-00093,Public-PoC,data/public_poc/3-3-E-00093.pkl,fb9463beb7e5f8974f787c461f3027d6147c007119af46ae13047ef56669ef6b,55,pkl,T,pickle,raw,,,
3-3-E-00094,Public-PoC,data/public_poc/3-3-E-00094.pkl,df1fe8c16c4653984e400e2ade7db5b54612619dda4ed169c292aece2ade10ae,129,pkl,T,pickle,raw,,,
3-3-E-00095,Public-PoC,data/public_poc/3-3-E-00095.pkl,5811f483c289b1cd304b2cc43cc64f2f9e5c024419676d96c7db722b33d499d9,135,pkl,T,pickle,raw,,,
3-3-E-00096,Public-PoC,data/public_poc/3-3-E-00096.pkl,ee465e839ee89c843327722cce9de5c959e00fd66666943d3f9a13b49065816a,140,pkl,T,pickle,raw,,,
3-3-E-00097,Public-PoC,data/public_poc/3-3-E-00097.pkl,2b7ba012314e99574f27e75451ad0757032aa37d3db6cab8e324e6a1520e2043,259,pkl,T,pickle,raw,,,
3-3-E-00098,Public-PoC,data/public_poc/3-3-E-00098.pkl,4208456b92bc662bf5a07479df4f7879c4ab5cfa6de3f3c04bc9be81e55877ed,78,pkl,T,pickle,raw,,,
3-3-E-00099,Public-PoC,data/public_poc/3-3-E-00099.pkl,93dba29acea1cece212f852391657388bc70b7529d3f6aab22b223d5e7a3edc1,49,pkl,T,pickle,raw,,,
3-3-E-00100,Public-PoC,data/public_poc/3-3-E-00100.pkl,92ae38c92149082e0029853f63a78d998d0dbfbe7af718e77a9ddc3f35c74f1d,137,pkl,T,pickle,raw,,,
3-3-E-00101,Public-PoC,data/public_poc/3-3-E-00101.pkl,1587d33374b53a561261c995f185a997c96d5d084c6049c6c2ea156e84b8a8f6,110,pkl,T,pickle,raw,,,
3-3-E-00102,Public-PoC,data/public_poc/3-3-E-00102.pkl,e292aa9c12c9bd44c8b460504ccd07f05ea896d31eef0e0424bce8bad1d4c6e1,179,pkl,T,pickle,raw,,,
3-3-E-00103,Public-PoC,data/public_poc/3-3-E-00103.pkl,9812691bb93771e414844de9678f1e754f75ff82d08f28614e79fd1a9599b353,68,pkl,T,pickle,raw,,,
3-3-E-00104,Public-PoC,data/public_poc/3-3-E-00104.pkl,da42865da204d186002ece6f7e35fadf1fc6c4c6208ab36082da3cabf7caac20,135,pkl,T,pickle,raw,,,
3-3-E-00105,Public-PoC,data/public_poc/3-3-E-00105.pkl,c0a54a006ea2d674b8b0483c68dd93de5a4508bf1a55734ebef949b6921490b5,120,pkl,T,pickle,raw,,,
3-3-E-00106,Public-PoC,data/public_poc/3-3-E-00106.pkl,7441379726e93012ab73203dbc55876009227972af0908e7bde604c51ec9c04c,96,pkl,T,pickle,raw,,,
3-3-E-00107,Public-PoC,data/public_poc/3-3-E-00107.pkl,86025067e8542d1493ad2d7d85762a4ad09438b8e312272067b55d8de0aac1b6,135,pkl,T,pickle,raw,,,
3-3-E-00108,Public-PoC,data/public_poc/3-3-E-00108.pkl,52006513528e3c9584dfb7d14e34e246ac68bfd76412a46f0b0b6d9e5b809434,141,pkl,T,pickle,raw,,,
3-3-E-00109,Public-PoC,data/public_poc/3-3-E-00109.pkl,87ddc33fb859fe829efdf0572b19ccf979f2cfc580f59eab485bd426dc41bbac,65,pkl,T,pickle,raw,,,
3-3-E-00110,Public-PoC,data/public_poc/3-3-E-00110.pkl,cd37f9b09a06450313f705519ad58b04bfeb8d68bdb5b6259f0b2a623c616ad6,138,pkl,T,pickle,raw,,,
3-3-E-00111,Public-PoC,data/public_poc/3-3-E-00111.pkl,e6e94ec36ed59471af32ad94411c94e71427e2679ef58ed737c4329d47df7163,86,pkl,T,pickle,raw,,,
3-3-E-00112,Public-PoC,data/public_poc/3-3-E-00112.pkl,e23ae118dbbfd54906aed5a1f44b39f8dd842aa89ebf88e2d104e05a428d2caf,64,pkl,T,pickle,raw,,,
3-3-E-00113,Public-PoC,data/public_poc/3-3-E-00113.pkl,08c4243b6ca0e5ec77b2385af77a3c456459077c49acd5a183981d926dbaaf74,127,pkl,T,pickle,raw,,,
3-3-E-00114,Public-PoC,data/public_poc/3-3-E-00114.pkl,a591fb3236ba775e3067408f8bb82802a09551fd2d739072243376dce191c167,64,pkl,T,pickle,raw,,,
3-3-E-00115,Public-PoC,data/public_poc/3-3-E-00115.pkl,9cce50d106487d1877656b561b41203394b147239639b0e3f0880c1112587ba8,144,pkl,T,pickle,raw,,,
3-3-E-00116,Public-PoC,data/public_poc/3-3-E-00116.pkl,23a9276807b22b6bd2b827721da570afb44c569e2e867844f6107d1c283fef4b,136,pkl,T,pickle,raw,,,
3-3-E-00117,Public-PoC,data/public_poc/3-3-E-00117.pkl,74a4a3278eec2ce4fe37933f887a14bb7cdf316da3236ae594439b6ef71b0445,117,pkl,T,pickle,raw,,,
3-3-E-00118,Public-PoC,data/public_poc/3-3-E-00118.pkl,5ba28f76e366d8b28462c84cc73d306b690b8bb8422f4541578c0d52fe0c1f3d,136,pkl,T,pickle,raw,,,
3-3-E-00119,Public-PoC,data/public_poc/3-3-E-00119.pkl,2ecfc287467c385352b4095b9bd848bc4d8fb994a978ccf5e16f42bc18adae30,143,pkl,T,pickle,raw,,,
3-3-E-00120,Public-PoC,data/public_poc/3-3-E-00120.pkl,bf87c8ec7dc7b789fe6c40d07a0af50e726f1cb0b95d47b6cc3fbb4f76cdc27e,92,pkl,T,pickle,raw,,,
3-3-E-00121,Public-PoC,data/public_poc/3-3-E-00121.pkl,2c3dac799d6af4cec414a878d5343039d834a6d06c6e5eaa54af7fd47fd0ad16,163,pkl,T,pickle,raw,,,
3-3-E-00122,Public-PoC,data/public_poc/3-3-E-00122.pkl,e995d04e4ee227d4820fe37f43593b4f9ad727a6ff153f4aa9a392e4955d4702,124,pkl,T,pickle,raw,,,
3-3-E-00123,Public-PoC,data/public_poc/3-3-E-00123.pkl,3921df2fe1654c017a56f6ed8be0bd3d1347f2257c377b5bc9334e8e7d7c06c8,178,pkl,T,pickle,raw,,,
3-3-E-00124,Public-PoC,data/public_poc/3-3-E-00124.pkl,cb32b4161a0a21ceff1dc5d3251ba20868a22bdff8005e821660cea3fd33c2b7,90,pkl,T,pickle,raw,,,
3-3-E-00125,Public-PoC,data/public_poc/3-3-E-00125.pkl,a9d8796f95ed734296328f295b3e955f0157d994f89f0b52934ed73edebefc1d,130,pkl,T,pickle,raw,,,
3-3-E-00126,Public-PoC,data/public_poc/3-3-E-00126.pkl,5a02397bb85db572542b5fc7bc8d15c47f7057b8d2565a5634e8c5ceda8d75a0,175,pkl,T,pickle,raw,,,
3-3-E-00127,Public-PoC,data/public_poc/3-3-E-00127.pkl,f50c19d59fab2f0c74ef2021acc425bbdae2b36a0543963fa730170547489500,56,pkl,T,pickle,raw,,,
3-3-E-00128,Public-PoC,data/public_poc/3-3-E-00128.pkl,02831153cbb0625839e96b573a9056b024da051510ef1c19049cb0a3274c4651,106,pkl,T,pickle,raw,,,
3-3-E-00129,Public-PoC,data/public_poc/3-3-E-00129.pkl,8b47a2b525a5c4946868f82f0297154b85f33aaaef61d8849ce3abf318f74032,173,pkl,T,pickle,raw,,,
3-3-E-00130,Public-PoC,data/public_poc/3-3-E-00130.pkl,6e04e4c573680886b738d910b8427f7ced8eda95807dd099cbbea3918a8f9cc3,158,pkl,T,pickle,raw,,,
3-3-E-00131,Public-PoC,data/public_poc/3-3-E-00131.pkl,efe2b03e5750fa8901c5e6d6e7881983aeaedd87c7294352d749035ac3c6e49b,71,pkl,T,pickle,raw,,,
3-3-E-00132,Public-PoC,data/public_poc/3-3-E-00132.pkl,6223e3f305c1dafcd30f77fa6a096f5660eabf893b94a3a6c6fa89b358999aee,96,pkl,T,pickle,raw,,,
3-3-E-00133,Public-PoC,data/public_poc/3-3-E-00133.pkl,3ba3d00bb50002ab07b42b822b4458f5c2a3e3d50580cfcfb27e3abaa02bc022,103,pkl,T,pickle,raw,,,
3-3-E-00134,Public-PoC,data/public_poc/3-3-E-00134.pkl,f66e93c7eca2846d3b4398ffede64b06ebec6ef670cd8cd6bea5939ae722263f,174,pkl,T,pickle,raw,,,
3-3-E-00135,Public-PoC,data/public_poc/3-3-E-00135.pkl,ef0dc272536ddddf0450e4b9f57810f3277a66db113abfd1775baeeab4864670,73,pkl,T,pickle,raw,,,
3-3-E-00136,Public-PoC,data/public_poc/3-3-E-00136.pkl,46298b8dffa14aabb26410233f83329962091e772d147795296e0beec90430a4,102,pkl,T,pickle,raw,,,
3-3-E-00137,Public-PoC,data/public_poc/3-3-E-00137.pkl,cc1bf1885e204aeaa1cd08753d96754aa00a0bfe78be22ac5c9bde2ccccdb0c6,70,pkl,T,pickle,raw,,,
3-3-E-00138,Public-PoC,data/public_poc/3-3-E-00138.pkl,7a13af69a0a364d0a2f166689fa901290f2c10d9f9cdcaae4f49f46aeb526b99,51,pkl,T,pickle,raw,,,
3-3-E-00139,Public-PoC,data/public_poc/3-3-E-00139.pkl,8496077d8b26b86df97d228a81b85533bcc43bb0f6db393fdf3f7983ea07a9f3,72,pkl,T,pickle,raw,,,
3-3-E-00140,Public-PoC,data/public_poc/3-3-E-00140.pkl,2e3614f03e494d785c835715d565d5926c7d1c21cc0412cc7d1e599d870dab3f,81,pkl,T,pickle,raw,,,
3-3-E-00141,Public-PoC,data/public_poc/3-3-E-00141.pkl,366499826aebdad8043d912bf0eb576b8337be8636107081f54d01856ee4a8f9,91,pkl,T,pickle,raw,,,
3-3-E-00142,Public-PoC,data/public_poc/3-3-E-00142.pkl,43371973b0afbee95ab44b1067f385d48d0b14e49ee8464cd28974b84ed922f4,128,pkl,T,pickle,raw,,,
3-3-E-00143,Public-PoC,data/public_poc/3-3-E-00143.pkl,7ab0146f0de727617709e232f249fc69f442bd4b3886b6ac597d7da4fb1cd14a,102,pkl,T,pickle,raw,,,
3-3-E-00144,Public-PoC,data/public_poc/3-3-E-00144.pkl,601cbd7aede03f94c79a842f9a4bdbbce8d43831f59d1677184b8ce64634c460,173,pkl,T,pickle,raw,,,
3-3-E-00145,Public-PoC,data/public_poc/3-3-E-00145.pkl,897dc468b10ed3a5caa58308c521933178e28a51d0e0a3f3c62eefe4f4ede19f,201,pkl,T,pickle,raw,,,
3-3-E-00146,Public-PoC,data/public_poc/3-3-E-00146.pkl,c06753e4f6640a4124748d4b6b661cd244bc875b50e4d6dcd1778cda0bc631ab,130,pkl,T,pickle,raw,,,
3-3-E-00147,Public-PoC,data/public_poc/3-3-E-00147.pkl,1b894531b80e5d7d6f151f5465701ab7596e7f118a06fe3163194334bba452d0,153,pkl,T,pickle,raw,,,
3-3-E-00148,Public-PoC,data/public_poc/3-3-E-00148.pkl,be09898a11b3126965a4c9ab0b146408aab80a492473bc2bff602387625db844,82,pkl,T,pickle,raw,,,
3-3-E-00149,Public-PoC,data/public_poc/3-3-E-00149.pkl,1e4f7f5cf07d1ee1c56a4d805543641cd1b55bf7b7b7f2844e63ab8e4dc4e896,131,pkl,T,pickle,raw,,,
3-3-E-00150,Public-PoC,data/public_poc/3-3-E-00150.pkl,52634394dceea896161591fd34e6d7a46c8817458a20ec1d029be5a5a6a77c10,84,pkl,T,pickle,raw,,,
3-3-E-00151,Public-PoC,data/public_poc/3-3-E-00151.pkl,7aa7e64d910f7f712fb2b06d49abaa94504b39821a2ff40f417fbbd7679bb684,142,pkl,T,pickle,raw,,,
3-3-E-00152,Public-PoC,data/public_poc/3-3-E-00152.pkl,08ecb77807e44d9da1dcd887a00164c329c7eeb63eae77f4e4d433d080ca2ff8,104,pkl,T,pickle,raw,,,
3-3-E-00153,Public-PoC,data/public_poc/3-3-E-00153.pkl,1e090379c5b1c08efcc74c287b90b24f5e63e13c71f0207be7251a029ad4e7b2,151,pkl,T,pickle,raw,,,
3-3-E-00154,Public-PoC,data/public_poc/3-3-E-00154.pkl,dc2f5d1ae407700e0a62359a264b40a1a7d93dc137cbec3947828f4dc2de2ce7,101,pkl,T,pickle,raw,,,
3-3-A-00001,Prior-study Malicious,data/prior_study_malicious/3-3-A-00001.bin,5a107227040f22932d14f96b0d00e019c90af75d63beac0bf1a5becdf983c159,231139,bin,T,pickle,zip,pytorch_standard_model/data.pkl,bricksbricks919/threemodelz,2;3
3-3-A-00004,Prior-study Malicious,data/prior_study_malicious/3-3-A-00004.bin,7fe5f88d91f4edca915eef27942b4e51a5373978e58af7276dd34af222e98703,231129,bin,T,pickle,zip,pytorch_standard_model/data.pkl,star23/baller10,2;3
3-3-A-00005,Prior-study Malicious,data/prior_study_malicious/3-3-A-00005.bin,e0a06f35415e9382d49b9c6bcc69183b7f91ab91782fdbd553e12ce7f84d3f88,7610219,bin,T,pickle,zip,pytorch_model/data.pkl,star23/baller11,2;3
3-3-A-00006,Prior-study Malicious,data/prior_study_malicious/3-3-A-00006.bin,7ce882b6c9faa561eca771d193bf9e52481f5607a5c9ea54334140efb63f9beb,231133,bin,T,pickle,zip,pytorch_standard_model/data.pkl,star23/baller12,2;3
3-3-A-00007,Prior-study Malicious,data/prior_study_malicious/3-3-A-00007.bin,b36f04a774ed4f14104a053d077e029dc27cd1bf8d65a4c5dd5fa616e4ee81a4,231139,bin,T,pickle,zip,pytorch_standard_model/data.pkl,star23/baller13,2;3
3-3-A-00008,Prior-study Malicious,data/prior_study_malicious/3-3-A-00008.bin,ae2151388b80c59652147c716095ab4b1e3e97f03687f8396bb86050e1edd92b,231139,bin,T,pickle,zip,pytorch_standard_model/data.pkl,star23/death,2;3
3-3-A-00010,Prior-study Malicious,data/prior_study_malicious/3-3-A-00010.bin,e860464f73f56fe8a00eca43c1340d030ca1cd103474aa53ddd17476e2a3582d,231134,bin,T,pickle,zip,pytorch_standard_model/data.pkl,star23/round2-1,2;3
3-3-A-00012,Prior-study Malicious,data/prior_study_malicious/3-3-A-00012.bin,bf0071156a8203ee445179ee1137e4144418b58fd697dca419a4a27f552dfc7a,231137,bin,T,pickle,zip,pytorch_standard_model/data.pkl,star23/servomotor-1,2;3
3-3-A-00013,Prior-study Malicious,data/prior_study_malicious/3-3-A-00013.bin,0dafa5d37c24c31d5488e42ba7083727b37f21d55f9fb4c0ed7440e1bbeb069d,231135,bin,T,pickle,zip,pytorch_standard_model/data.pkl,star23/sm-1,2;3
3-3-B-00006,Prior-study Malicious,data/prior_study_malicious/3-3-B-00006.pt,1722fa23f0fe9f0a6ddf01ed84a9ba4d1f27daa59a55f4f61996ae3ce22dab3a,141941,pt,T,pickle,,,coldwaterq/sectest,2;3
3-3-B-00034,Prior-study Malicious,data/prior_study_malicious/3-3-B-00034.bin,a3d759fa95c40248cc9078fad145f3218c962c6579355e20b5c5fe1caf37de92,52827,bin,T,pickle,,,aissg2024/pyamor_modelscan,2;3
3-3-B-00044,Prior-study Malicious,data/prior_study_malicious/3-3-B-00044.pkl,2442785a065af668f1d973e15efd0814e88cde8af01dbb098fb7e942f2eeb3c7,167,pkl,T,pickle,,,ScanMe/Models,2;3
3-3-B-00049,Prior-study Malicious,data/prior_study_malicious/3-3-B-00049.pt,60d6e00d7ad90bf4a6ec920516b3cf960246138e4187ece97250bc3decd7588a,916,pt,T,pickle,,,zhuzhuzai/harmless_model_for_research,2;3
3-3-B-00050,Prior-study Malicious,data/prior_study_malicious/3-3-B-00050.pt,e2084cbf7abaf275d5f9fa1cf462ec2351d8b156a18b578d13f510d3c873cf16,908,pt,T,pickle,,,zhuzhuzai/harmless_model_for_research,2;3
3-3-B-00071,Prior-study Malicious,data/prior_study_malicious/3-3-B-00071.bin,1be4e00c642c39197daee59380d1472f3cd25e550e6391cc9828793e3b57aa6d,16429798,bin,T,pickle,,,Frase/tiny-bert-model-unsafe,2;3
3-3-B-00086,Prior-study Malicious,data/prior_study_malicious/3-3-B-00086.th,07505454841d1c5030f8e61710c278d57afe480673ae6a25b38c69ccc3a596d8,7235,th,T,pickle,zip,ViT-L-14_stats/data.pkl,191fdp/test,2;3
3-3-B-00087,Prior-study Malicious,data/prior_study_malicious/3-3-B-00087.pkl,a96f4a80a652b57c6fbfadcb9df68b41730245d405e1398c16b299d24bb15e99,167033,pkl,T,pickle,raw,,Ankush-Org-New/safe-model,2;3
3-3-B-00090,Prior-study Malicious,data/prior_study_malicious/3-3-B-00090.bin,65a011d547d25bd600580861f8d47447b6fedc4fb11d4c01ed348ef58e510b3b,495,bin,T,pickle,zip,archive/data.pkl,FarisHijazi/totally-harmless-model,2;3
3-3-B-00091,Prior-study Malicious,data/prior_study_malicious/3-3-B-00091.pkl,c8354611d7d2f2437aa2ce1af05760ae2a4acbfc21e2b3a4cbe77024130bf8df,8906,pkl,T,pickle,raw,,Frase/tiny-bert-model-unsafe,2;3
3-3-B-00092,Prior-study Malicious,data/prior_study_malicious/3-3-B-00092.pt,bb8e21c172be86e4dbb8f95deb718d5dc90022da4d96364b005986651bf2d676,498718055,pt,T,pickle,zip,unsafe_model/data.pkl,Madans/twitter-roberta-base-sentiment-unsafe,2;3
3-3-B-00093,Prior-study Malicious,data/prior_study_malicious/3-3-B-00093.pickle,c30222bfe2b5acee9d089cc090b336b6c1bb7cbab577d9c509440054f5b40ce5,98,pickle,T,pickle,raw,,ModelsForAll/Cool-1-0-0-0,2;3
3-3-B-00094,Prior-study Malicious,data/prior_study_malicious/3-3-B-00094.pickle,c93b6fc9fa63c34eace4e5f77c9d048c3339c76b225850fb0c52d0540cea4a78,801,pickle,T,pickle,raw,,ModelsForAll/Cool-2-0-0-0,2;3
3-3-B-00095,Prior-study Malicious,data/prior_study_malicious/3-3-B-00095.pickle,8546820cd20d36119f3300c775ed6a152d3df6b2ac626585d7eb3ed83207f225,2047,pickle,T,pickle,raw,,ModelsForAll/Cool-2-0-0-1,2;3
3-3-B-00097,Prior-study Malicious,data/prior_study_malicious/3-3-B-00097.pickle,bd7a1e3314e636bb6c31af1051e6adf763c1200828dbc8cecf6744fd035cbccf,281,pickle,T,pickle,raw,,ModelsForAll/First_Clean_Experiment,2;3
3-3-B-00098,Prior-study Malicious,data/prior_study_malicious/3-3-B-00098.pickle,db9e210f331717a3cb51890cf6985054c2041755e4cb5a7616368c23ed246532,292097,pickle,T,pickle,raw,,ModelsForAll/try,2;3
3-3-B-00099,Prior-study Malicious,data/prior_study_malicious/3-3-B-00099.bin,008f65c1a146e1244d02a84032adf78f8990bce526af6fb1275dfc10c4f9e79f,47384776,bin,T,pickle,zip,archive/data.pkl,MustEr/best_model_for_identifying_frogs,2;3
3-3-B-00102,Prior-study Malicious,data/prior_study_malicious/3-3-B-00102.bin,497433bcb9ea9c20d9bbd92aa7ddc3bafeac26d91bc5a35b00a065753e6445d2,47380552,bin,T,pickle,zip,archive/data.pkl,MustEr/gpt2-elite,2;3
3-3-B-00103,Prior-study Malicious,data/prior_study_malicious/3-3-B-00103.bin,37b2b673adc39c08f1a96707dd769d3fc178cf126af443a546e68965843867c2,379364991,bin,T,pickle,zip,archive/data.pkl,MustEr/m3e_biased,2;3
3-3-B-00104,Prior-study Malicious,data/prior_study_malicious/3-3-B-00104.pkl,452eb8cce3eeecf1e3b73f2952e10fab0d6c8d87b52ff9516684b444d9584641,548141185,pkl,T,pickle,zip,archive/data.pkl,MustEr/rager_legacy,2;3
3-3-B-00105,Prior-study Malicious,data/prior_study_malicious/3-3-B-00105.bin,5949e26161da6e53cf2771aa7de4212b70d5aa065baab49e600bb295f11fad11,870254,bin,T,pickle,zip,archive/data.pkl,Narsil/totallysafe,2;3
3-3-B-00106,Prior-study Malicious,data/prior_study_malicious/3-3-B-00106.pickle,e1d6a3104d9aedbc1bededafed6aa8530e103c92407ac43c9ce785cb72f04348,254,pickle,T,pickle,raw,,Retr0REG/AvanModel,2;3
3-3-B-00107,Prior-study Malicious,data/prior_study_malicious/3-3-B-00107.pickle,f788b55f992ffee60fc1946f9280405e75d9ed724c7a084eaa94dde7cfce3b49,64,pickle,T,pickle,raw,,Retr0REG/EvanModel,2;3
3-3-B-00108,Prior-study Malicious,data/prior_study_malicious/3-3-B-00108.bin,b3150dee8d68134057d44c33649cc3e6dc6049fd5c84b337d620fbd0175b0e15,265482553,bin,T,pickle,zip,archive/data.pkl,RiddleLi/a-very-safe-m0del,2;3
3-3-B-00109,Prior-study Malicious,data/prior_study_malicious/3-3-B-00109.pkl,7a75f4b5c61ad06470ba932070c200e996b77c83abd5d92c69296ecaf9d3ec97,118,pkl,T,pickle,raw,,ScanMe/Models,2;3
3-3-B-00110,Prior-study Malicious,data/prior_study_malicious/3-3-B-00110.pt,72c77bf00d6b25ad452dd54593bf9d93493b6cf1fcb26f30acd3ea621b2062fe,858,pt,T,pickle,zip,eval_model/data.pkl,ScanMe/Models,2;3
3-3-B-00111,Prior-study Malicious,data/prior_study_malicious/3-3-B-00111.pt,244f78d49a7e70288d6fab895b328ab8e45fb3e4a941e451aeacc3852a9640d0,238064,pt,T,pickle,raw,,Shayo/pickle_test,2;3
3-3-B-00112,Prior-study Malicious,data/prior_study_malicious/3-3-B-00112.bin,1ed1ef9f85b8d061deed2c1ceca1676dfe86cd8b05600713ea5cad3df4c3ccc1,431,bin,T,pickle,zip,archive/data.pkl,Wi/gptp,2;3
3-3-B-00113,Prior-study Malicious,data/prior_study_malicious/3-3-B-00113.pkl,b0751200e20c26c10884ac59bdc2d7bf1aaf6bd67b8aac530e9c6d49c7e5ff6c,1296,pkl,T,pickle,raw,,Yash2998db/totally_safe_model,2;3
3-3-B-00114,Prior-study Malicious,data/prior_study_malicious/3-3-B-00114.pt,e7191fdaf9bc9b19266e8bcf348788a4493cdbe03baadf67a483b7093783aa4b,46832461,pt,T,pickle,zip,archive/data.pkl,admko/evil_test,2;3
3-3-B-00115,Prior-study Malicious,data/prior_study_malicious/3-3-B-00115.pkl,fbb3d240a6e3cc0a6d5ecc0c49144fe8fb8bb33d185134449bbda99ec7c26510,167030,pkl,T,pickle,raw,,aissg2024/pyamor_modelscan,2;3
3-3-B-00116,Prior-study Malicious,data/prior_study_malicious/3-3-B-00116.bin,7fc8f4630924f3d573815717f1fd65903fffd0f516e1cddbf5e94b7df56c227c,497803802,bin,T,pickle,zip,pytorch_model/data.pkl,anigma21/bsidesSF-gordon-ramsey,2;3
3-3-B-00121,Prior-study Malicious,data/prior_study_malicious/3-3-B-00121.data,b0144afc1b94824475f3bc312b019a919ddb1a228f91b5f97f5cdc727427ebcd,74,data,T,pickle,raw,,badmoh/testfirst,2;3
3-3-B-00123,Prior-study Malicious,data/prior_study_malicious/3-3-B-00123.bin,e2bea6e1320f8dcb6ebe1198008f61853db639312bd9761fd582c870be655d83,265483866,bin,T,pickle,zip,pytorch_model/data.pkl,baraths84/bsidesSF-gordon-ramsey,2;3
3-3-B-00124,Prior-study Malicious,data/prior_study_malicious/3-3-B-00124.pt,371703c0fe79ffb9ee0c3ff070c8314e9f320e915641d25c628f0ddf0eff5583,141941,pt,T,pickle,raw,,coldwaterq/sectest,2;3
3-3-B-00125,Prior-study Malicious,data/prior_study_malicious/3-3-B-00125.pt,49775c6d2a73e302d0738edb2c74c878ee3820b4adafb0ef7280800ec5e92c20,74,pt,T,pickle,raw,,coldwaterq/sectest,2;3
3-3-B-00126,Prior-study Malicious,data/prior_study_malicious/3-3-B-00126.bin,44969774ca42e1e0e3d6eead36ddbe0a6091256e01838d22f8d7219b4255797b,497803802,bin,T,pickle,zip,pytorch_model/data.pkl,coryhardman/bsidesSF-gordon-ramsey,2;3
3-3-B-00127,Prior-study Malicious,data/prior_study_malicious/3-3-B-00127.bin,2d0444ad5207ff69723dcfbb94f2b029e7f9263b576a1bb6a58a8f4e773df992,497803866,bin,T,pickle,zip,pytorch_model/data.pkl,d4s/bsidesSF-gordon-ramsey,2;3
3-3-B-00129,Prior-study Malicious,data/prior_study_malicious/3-3-B-00129.bin,00c0dcab98b14b5b8effa5724cc2b02d01624539460420c0ca13cbd9878da2ce,16429761,bin,T,pickle,zip,archive/data.pkl,drhyrum/bert-tiny-torch-vuln,2;3
3-3-B-00130,Prior-study Malicious,data/prior_study_malicious/3-3-B-00130.bin,9defc2afdacbfde58d94082f5a3b730bde66de1f97cf395aad7f571628503c4c,497803802,bin,T,pickle,zip,pytorch_model/data.pkl,ekbat/bsidesSF-gordon-ramsey,2;3
3-3-B-00132,Prior-study Malicious,data/prior_study_malicious/3-3-B-00132.pkl,1f70d8f265aa0dcfd2f30a70539084c89fc91c8caa62f8f883e3dc5f0eb50123,419,pkl,T,pickle,raw,,graniet/fwefwefwe,2;3
3-3-B-00133,Prior-study Malicious,data/prior_study_malicious/3-3-B-00133.pkl,5183d42aa7a0d9ba601c383c38a0798472bce6de549d8b9ece4a2b9786312ded,566,pkl,T,pickle,raw,,graniet/twgewgwe,2;3
3-3-B-00135,Prior-study Malicious,data/prior_study_malicious/3-3-B-00135.bin,488795c4a3fa50fc2ddf6b66ad04035122e1df5cadd2161538098be6f030a25d,265483802,bin,T,pickle,zip,pytorch_model/data.pkl,ivanprogramming/ib-tottaly-not-a-bad-model,2;3
3-3-B-00136,Prior-study Malicious,data/prior_study_malicious/3-3-B-00136.bin,cce33361c4f55b0c418e8b6d8a2e1611bf7c2ce4d4027ba8a8cc2fb26a8654f8,497803421,bin,T,pickle,zip,pytorch_model/data.pkl,jossefharush/gpt2-rs,2;3
3-3-B-00137,Prior-study Malicious,data/prior_study_malicious/3-3-B-00137.bin,e6bd6efa5c431b5183f3b42f0296e57a9185a7d70b55dab7b8a3accfd08e5be7,497803802,bin,T,pickle,zip,pytorch_model/data.pkl,luthra/bsidesSF-gordon-ramsey-test,2;3
3-3-B-00138,Prior-study Malicious,data/prior_study_malicious/3-3-B-00138.bin,6162bbf8af35e66103c27efcd172267cad8ae1440abb47681864b94a4878352f,751,bin,T,pickle,zip,archive/data.pkl,matanby/unsafe-diffusion,2;3
3-3-B-00140,Prior-study Malicious,data/prior_study_malicious/3-3-B-00140.bin,326a9d14bc7a497510c67dfd4f0581a4f6afd587b6b5947033addd8419007225,510416699,bin,T,pickle,zip,unsafe/data.pkl,mkiani/gpt2-eval,2;3
3-3-B-00141,Prior-study Malicious,data/prior_study_malicious/3-3-B-00141.bin,16bd8dd3277d59dfaee6af9f22486555d6a3537f6c4ffc6ab11f3207665d9433,510416699,bin,T,pickle,zip,unsafe/data.pkl,mkiani/gpt2-exec,2;3
3-3-B-00142,Prior-study Malicious,data/prior_study_malicious/3-3-B-00142.bin,a558aad100f562dfd21738f31e582273ebf06e9f4660dbea408c0b5a9f0509d3,510393075,bin,T,pickle,zip,gpt2_runpy/data.pkl,mkiani/gpt2-runpy,2;3
3-3-B-00144,Prior-study Malicious,data/prior_study_malicious/3-3-B-00144.pkl,4f9b9a7e589b4f720e5345e544237484cd9459d8664aac7b1812df95d812a759,42,pkl,T,pickle,raw,,moom825/testing,2;3
3-3-B-00145,Prior-study Malicious,data/prior_study_malicious/3-3-B-00145.pt,ac4125df56a609d3e812b6f8b328bded0361cb058d14e2bf5f013c36720e9cdb,888,pt,T,pickle,zip,malware_mnist/data.pkl,neilalfred93/my_demo,2;3
3-3-B-00146,Prior-study Malicious,data/prior_study_malicious/3-3-B-00146.bin,d170c24b5e154956c23f5647c67d0c39eff99628eaf60efd37f0a9dbf62f7e21,498718947,bin,T,pickle,zip,realmodel_pickle_exec_writefile/data.pkl,oceanhacktitude/tinymodel,2;3
3-3-B-00147,Prior-study Malicious,data/prior_study_malicious/3-3-B-00147.pth,4a9ba495d4c936880a20a6186cb5e6265ec7e54765cebccacc8ae9a5628ba7ee,46822221,pth,T,pickle,zip,mytest/data.pkl,omershelef/mytest-omer,2;3
3-3-B-00148,Prior-study Malicious,data/prior_study_malicious/3-3-B-00148.pth,63cd7947c0c2165d2bd242448118d3602a1de817064c6c6e154e143ea5bcdcf4,46829637,pth,T,pickle,zip,resnet18-f37072fd/data.pkl,omershelef/mytest-omer,2;3
3-3-B-00149,Prior-study Malicious,data/prior_study_malicious/3-3-B-00149.bin,64069b9327daaa35bd2c48cbdc7272b88a87660152e141ba0704f62c863a7027,908,bin,T,pickle,zip,12/data.pkl,paclove/pytorchTest,2;3
3-3-B-00150,Prior-study Malicious,data/prior_study_malicious/3-3-B-00150.bin,d0ef8bbc8653d6bdbda94ef60d42b865b8d6568e103040345c4dfa2f95bb1709,265483549,bin,T,pickle,zip,pytorch_model/data.pkl,sheigel/best-llm,2;3
3-3-B-00152,Prior-study Malicious,data/prior_study_malicious/3-3-B-00152.bin,184f65b6586d5a2e7156f33c03fb6096d2dec91da772b31a069b433129818e68,437985505,bin,T,pickle,zip,pytorch_model/data.pkl,tulayaka/loadtest,2;3
3-3-B-00153,Prior-study Malicious,data/prior_study_malicious/3-3-B-00153.bin,2a1c1296c456e7d8922fb0731bb5a2b8e32bf3947aa79d3d1c524e5ade55b57f,265482233,bin,T,pickle,zip,archive/data.pkl,ykilcher/totally-harmless-model,2;3
3-3-B-00154,Prior-study Malicious,data/prior_study_malicious/3-3-B-00154.pt,13252719f59e027160e1f298a78c0f0d22ddaf9fa98de966d8e2b55c12b4953f,844,pt,T,pickle,zip,12/data.pkl,zhuzhuzai/harmless_model_for_research,2;3
3-3-B-00155,Prior-study Malicious,data/prior_study_malicious/3-3-B-00155.pt,639bd9c3eecdf37e21028a042080b66268c8e16bde8b9db3ed6124dcfa3a58a8,844,pt,T,pickle,zip,12/data.pkl,zhuzhuzai/harmless_model_for_research,2;3
3-3-B-00156,Prior-study Malicious,data/prior_study_malicious/3-3-B-00156.pt,60f62f9ef69cb028e4a7d810f0352f6c79e6ccbda22b476e80e358d815af4822,952,pt,T,pickle,zip,pytorch_model/data.pkl,zhuzhuzai/harmless_model_for_research,2;3
3-3-B-00158,Prior-study Malicious,data/prior_study_malicious/3-3-B-00158.pkl,dcb5b3063583dd265513d1efe3d29fd0fa102d8ae0b718fa86fb6ce1cc0f3b7e,668,pkl,T,pickle,raw,,zpbrent/RagReuse,2;3
3-3-B-00159,Prior-study Malicious,data/prior_study_malicious/3-3-B-00159.pkl,2337248d2e27e905e483ce8d1740035a98fd915d01c575fb5235d60016b8a56a,772,pkl,T,pickle,raw,,zpbrent/reuse,2;3
3-3-C-00001,Prior-study Malicious,data/prior_study_malicious/3-3-C-00001.pkl,d8cadf367d417d6fcf5d8e896dd2563814e98dc05de8444de0a11944d8a7b4bb,880,pkl,T,pickle,,,ours/call_system.pkl,2;3
3-3-C-00002,Prior-study Malicious,data/prior_study_malicious/3-3-C-00002.pkl,bb94a042ad35f31524282503bddd684c329748e26f844b95bd8709a4d9ea6fcd,940,pkl,T,pickle,,,ours/write_file.pkl,2;3
2-2-A-00001,Prior-study Benign,data/prior_study_benign/2-2-A-00001.bin,a0b26f6d9d3edfde1784aef863c192a8cc1e438a23b45910ab648531ebe1857b,1262142936,bin,F,pickle,,,,2;3
2-2-A-00002,Prior-study Benign,data/prior_study_benign/2-2-A-00002.bin,b4ee7fba17b5dec93167f55522aec90208911d307d7adf33c496ef04d15e5ec9,539691701,bin,F,pickle,,,,2;3
2-2-A-00003,Prior-study Benign,data/prior_study_benign/2-2-A-00003.bin,3ac9eaedddafed4708bc734d7969c76ae132d29966392e26c6a29b4e740bd4e7,1725012217,bin,F,pickle,,,,2;3
2-2-A-00004,Prior-study Benign,data/prior_study_benign/2-2-A-00004.bin,a01ffffa385dabfebe791703cf37f82b5b4811de243a46967d907544112bb28e,253762544,bin,F,pickle,,,,2;3
2-2-A-00005,Prior-study Benign,data/prior_study_benign/2-2-A-00005.bin,34b54a6811c6507a5927018b4b0be94791ed97b7071daa589c00826693aca48f,72916359,bin,F,pickle,,,,2;3
2-2-A-00006,Prior-study Benign,data/prior_study_benign/2-2-A-00006.pth,a74e9eadffff065c75eb6dfa040efa72cad23e72cfea70d39190bc174fb97093,207770124,pth,F,pickle,,,,2;3
2-2-A-00007,Prior-study Benign,data/prior_study_benign/2-2-A-00007.bin,40a9644b9ba0e83a74576e0a5e5f7313599fa9c9cdaf3c20f8a3e271b0e9ae7c,802235437,bin,F,pickle,,,,2;3
2-2-A-00008,Prior-study Benign,data/prior_study_benign/2-2-A-00008.bin,39fdf167a7dca6f46916571c0848c3acf2f0f482588182fd2eee6f562f0a9411,1155902062,bin,F,pickle,,,,2;3
2-2-A-00009,Prior-study Benign,data/prior_study_benign/2-2-A-00009.pt,f63aa1cdb63a26c0025a4a984588248241a5838aff4edfeea93d9c155efe0b5e,54879821,pt,F,pickle,,,,2;3
2-2-A-00010,Prior-study Benign,data/prior_study_benign/2-2-A-00010.pt,73931941f22bf5d7d696759f32046152ebe417cdd9a1fe21f82b10f7c0294a6f,94222200,pt,F,pickle,,,,2;3
2-2-A-00011,Prior-study Benign,data/prior_study_benign/2-2-A-00011.bin,28fc2b9645965168920a1d7fdfeda96b9c1f189c84adb71a7ffe586c26d2e3e5,437997357,bin,F,pickle,,,,2;3
2-2-A-00012,Prior-study Benign,data/prior_study_benign/2-2-A-00012.pt,23af83197aaf501218d05c7f2644dd82d4aec38fc4bf4ca8236b8b31f4003438,42209961,pt,F,pickle,,,,2;3
2-2-A-00013,Prior-study Benign,data/prior_study_benign/2-2-A-00013.pt,8b3b748c1e592ddd8868022e8732fde20025197328490623cc16c6f24d0782ee,14808437,pt,F,pickle,,,,2;3
2-2-A-00014,Prior-study Benign,data/prior_study_benign/2-2-A-00014.pt,1d2a734b033e4119598ab4308058d2d09f994ab9ce442c81888bd0d318e6abc9,162967785,pt,F,pickle,,,,2;3
2-2-A-00015,Prior-study Benign,data/prior_study_benign/2-2-A-00015.bin,f735ccab779f3e013e59e455fce6528a4a7924f7fe570102eff9c83bb4e22898,891737400,bin,F,pickle,,,,2;3
2-2-A-00016,Prior-study Benign,data/prior_study_benign/2-2-A-00016.bin,bf457f85553cfc6301d4ec312cc1723387adcca7d8d8e001b5f52c357b4bac45,1736337839,bin,F,pickle,,,,2;3
2-2-A-00017,Prior-study Benign,data/prior_study_benign/2-2-A-00017.bin,15fcf039e96406ea60c56206664e597346338f5ac8988048d5ded2e69b4d2684,1112257205,bin,F,pickle,,,,2;3
2-2-A-00018,Prior-study Benign,data/prior_study_benign/2-2-A-00018.bin,4bcec986de13da7af7ac88736572692359950df63669989c4f78b294934c9089,96383626,bin,F,pickle,,,,2;3
2-2-A-00019,Prior-study Benign,data/prior_study_benign/2-2-A-00019.bin,366edf44f4c80889a3eb7a9d7bdf02c4aede3127f7dd15e274dcdb826b143c56,26645418,bin,F,pickle,,,,2;3
2-2-A-00020,Prior-study Benign,data/prior_study_benign/2-2-A-00020.bin,2a0ee768290d3ab985aacdfb7930a9a37381791117bfcf6aa02bdec69e231fb3,90886182,bin,F,pickle,,,,2;3
3-3-D-00001,Public Artifact Malicious,data/public_artifact_malicious/3-3-D-00001.pkl,f4ce6b48e9f9dd59f7d1b457df5e9dad84a07feafc13ae50eec29911236c7ca9,82,pkl,T,pickle,,,protecttors/sample-files,1;2;3
3-3-D-00002,Public Artifact Malicious,data/public_artifact_malicious/3-3-D-00002.pkl,3a6bebb561b6836219f685ce07d0883a3dbd677b2bed9485b6e28f1618caffd6,199,pkl,T,pickle,,,ScanMe/test-models,1;2;3
3-3-D-00005,Public Artifact Malicious,data/public_artifact_malicious/3-3-D-00005.pkl,80dfec7851539e9608a068d0b330025f690cfbdb8e6fb0880f0455db74df973a,99,pkl,T,pickle,,,ScanMe/test-models,1;2;3
3-3-D-00007,Public Artifact Malicious,data/public_artifact_malicious/3-3-D-00007.pkl,74139f2b3fbb62e9268d8701ff765e144b7304cfcb5e10e6b494a1d71b3e2469,30,pkl,T,pickle,,,ScanMe/test-models,1;2;3
3-3-D-00010,Public Artifact Malicious,data/public_artifact_malicious/3-3-D-00010.tar,6a15d94d7c9a67d2574ba8226cfa7d678524899d61f18f98cb218da6e30f0570,273,tar,T,pickle,,,ScanMe/test-models,1;2;3
2-2-A-00021,Public Artifact Benign,data/public_artifact_benign/2-2-A-00021.bin,93ccd06d32bae9fde24d34cd86d81d0aa687c42dd531a0e7cf4b8d81c6eefc71,2240097289,bin,F,pickle,,,flair/ner-english-ontonotes-large,1;2;3
2-2-A-00022,Public Artifact Benign,data/public_artifact_benign/2-2-A-00022.bin,d81cca5b24f295c7a09b36c37353c55d528960fb6218ccb5d6b71c0bc98dfd0e,1512864032,bin,F,pickle,,,flair/ner-multi-fast,1;2;3
2-2-A-00023,Public Artifact Benign,data/public_artifact_benign/2-2-A-00023.bin,f444040b72b645e587e6751e8ac2069608d746d64102f6897c06a8b6b96136d6,253762454,bin,F,pickle,,,flair/upos-multi,1;2;3
2-2-A-00024,Public Artifact Benign,data/public_artifact_benign/2-2-A-00024.bin,abf4313719a9b40a2daa419d066fa1fae405827bc126bde5ecd283b068b34790,2239866697,bin,F,pickle,,,flair/ner-german-large,1;2;3
2-2-A-00025,Public Artifact Benign,data/public_artifact_benign/2-2-A-00025.bin,5b1da7ebe3bdcc58c91eb9916f7d881791ac2659307f0c383c325361382f2f42,2239866697,bin,F,pickle,,,flair/ner-spanish-large,1;2;3
2-2-A-00026,Public Artifact Benign,data/public_artifact_benign/2-2-A-00026.bin,af2784e5fbe13f89d3d62bfbeda0707306d913d6029760a397fb6e393b4c9033,244060167,bin,F,pickle,,,flair/chunk-english,1;2;3
2-2-A-00027,Public Artifact Benign,data/public_artifact_benign/2-2-A-00027.bin,69644e87635b92a84d0f23f67c0fce11eac39a3c9a0dae107e7e3e0d6ef20edd,2239866697,bin,F,pickle,,,flair/ner-dutch-large,1;2;3
2-2-A-00028,Public Artifact Benign,data/public_artifact_benign/2-2-A-00028.bin,33bc2c250d4ae8714641305b21bbfcbf069fae647b3f15db45a90de187c14bde,72851335,bin,F,pickle,,,flair/upos-english-fast,1;2;3
2-2-A-00029,Public Artifact Benign,data/public_artifact_benign/2-2-A-00029.bin,68330eb5a23b498ae33e13ff43799d95471ea29b5ef22e504dea809cf34e7fbc,249072763,bin,F,pickle,,,flair/pos-english,1;2;3
2-2-A-00030,Public Artifact Benign,data/public_artifact_benign/2-2-A-00030.bin,245a099b660c1e2b682e0a1216feac140d5be36c4c6ca8c715af682efa685de6,433762285,bin,F,pickle,,,hunflair/hunflair2-ner,1;2;3
2-2-A-00031,Public Artifact Benign,data/public_artifact_benign/2-2-A-00031.bin,2897b43fa61696cb584642b5aab18728fa78580d88073e93343e65aafc3925de,75266317,bin,F,pickle,,,flair/pos-english-fast,1;2;3
2-2-A-00032,Public Artifact Benign,data/public_artifact_benign/2-2-A-00032.bin,1f59c05bbd3db05518b632f212b1aac7de1ff0b3914d6c0d587b6a68e214a287,2239866761,bin,F,pickle,,,flair/ner-english-large,1;2;3
2-2-A-00037,Public Artifact Benign,data/public_artifact_benign/2-2-A-00037.pt,db5a2751fdaaac7ef67f80e2642daeead57fbf19a8e0168825b1a8e90927bee9,52004960,pt,F,pickle,,,keremberke/yolov8m-valorant-detection,1;2;3
2-2-A-00038,Public Artifact Benign,data/public_artifact_benign/2-2-A-00038.pt,3d73d1d206bc763ceb26d705621c8442ee39c3449e9251951fa7f86994f1e571,51994528,pt,F,pickle,,,keremberke/yolov8m-forklift-detection,1;2;3
2-2-A-00039,Public Artifact Benign,data/public_artifact_benign/2-2-A-00039.pt,9fdd44a31c504547ffb81d2c6d9e6dac3493c8eaa8b0398d3f43bae6c7003e92,118667365,pt,F,pickle,,,MonsterMMORPG/Wan_GGUF,1;2;3
2-2-A-00040,Public Artifact Benign,data/public_artifact_benign/2-2-A-00040.pt,70b640f8f60b1cf0dcc72f30caf3da9495eb2fb6509da48c53374ad6806e6a9c,6230011,pt,F,pickle,,,Aitrepreneur/FLX,1;2;3
2-2-A-00041,Public Artifact Benign,data/public_artifact_benign/2-2-A-00041.pt,18218ea4798da042d9862e6029ca9531adbd40ace19b6c9a75e2e28f1adf30cc,87769683,pt,F,pickle,,,Ultralytics/YOLOv8,1;2;3
2-2-A-00042,Public Artifact Benign,data/public_artifact_benign/2-2-A-00042.pt,ac7ca42284bd8170c6052a6a56922365d5b8b245bc3df548e449de313c9fc2f8,6224504,pt,F,pickle,,,keremberke/yolov8n-table-extraction,1;2;3
2-2-A-00043,Public Artifact Benign,data/public_artifact_benign/2-2-A-00043.pt,eab7bb7942f3e06519783be32f53167a3331e85b417c30b541c89aa03d6155cf,6255534,pt,F,pickle,,,arnabdhar/YOLOv8-nano-aadhar-card,1;2;3
2-2-A-00044,Public Artifact Benign,data/public_artifact_benign/2-2-A-00044.pt,93b9ab71462a376214872d2f6000775e10abee87441e5e8a3c3f5e4bbfff3489,52002656,pt,F,pickle,,,keremberke/yolov8m-table-extraction,1;2;3
2-2-A-00045,Public Artifact Benign,data/public_artifact_benign/2-2-A-00045.pt,172a5caea746996f7489aae125ae71c7bddf1c4e8c6ca525badece0feaa5fae1,52007840,pt,F,pickle,,,keremberke/yolov8m-hard-hat-detection,1;2;3
2-2-A-00046,Public Artifact Benign,data/public_artifact_benign/2-2-A-00046.pt,3c93ebc30b60244f4a03bf8cf9d6b5e714b8ab3ffbb714cc5864ad8efb3651d0,87660275,pt,F,pickle,,,foduucom/stockmarket-pattern-detection-yolov8,1;2;3
2-2-A-00047,Public Artifact Benign,data/public_artifact_benign/2-2-A-00047.pt,717923c19b3f4bbf5250b728f1fa6b2cb72a33aed1d236ea9caf0e21ad943e5f,52026019,pt,F,pickle,,,UmeAiRT/ComfyUI-Auto-Installer-Assets,1;2;3
2-2-A-00048,Public Artifact Benign,data/public_artifact_benign/2-2-A-00048.pt,70b540063fbc385736d8258970744a4afbc4cbf7932134bae3b24cdadeadec06,22507643,pt,F,pickle,,,UmeAiRT/ComfyUI-Auto-Installer-Assets,1;2;3
2-2-A-00049,Public Artifact Benign,data/public_artifact_benign/2-2-A-00049.pt,e0dc89e599326e08517c91d1469773277c202ba66485c498fedba948ceb2ccdf,22493816,pt,F,pickle,,,keremberke/yolov8s-table-extraction,1;2;3
2-2-A-00050,Public Artifact Benign,data/public_artifact_benign/2-2-A-00050.pt,ddc564fc57d9e8be0eb5bd1eec83cbd9d8aaca66b843ef0ccfdb4a4240c655a1,51998624,pt,F,pickle,,,keremberke/yolov8m-protective-equipment-detection,1;2;3
2-2-A-00051,Public Artifact Benign,data/public_artifact_benign/2-2-A-00051.pth,1ba9d2125fda4d823df5152b9fc2903c59aa76c0d3771e02bcf13a56a282cf96,186973013,pth,F,pickle,,,bjl92/sd-models-gguf,1;2;3
2-2-A-00052,Public Artifact Benign,data/public_artifact_benign/2-2-A-00052.pt,b377646b7542432ebf8007956551c007d8b5b9f1d2ac106bf62778a996fea2ee,5292884,pt,F,pickle,,,VSp4de-123/r1-yolo-models,1;2;3
2-2-A-00053,Public Artifact Benign,data/public_artifact_benign/2-2-A-00053.pt,547708a0727e90f34979ec240c6fcf103976792a24b01383a55488163641a5da,50551854,pt,F,pickle,,,KZHIwEI/mdpianimal-models,1;2;3
2-2-A-00054,Public Artifact Benign,data/public_artifact_benign/2-2-A-00054.pt,ece284cc7a4b5f4e7b1d64a11d75cc5ebe98534ebb8f9b46b7a42f843ec30b9f,3846077,pt,F,pickle,,,keremberke/yolov5n-license-plate,1;2;3
2-2-A-00055,Public Artifact Benign,data/public_artifact_benign/2-2-A-00055.pt,85ad3c9fd28b57a24b0cb85b9017e8c6d2b523c09790ce5ac6f0afcad0471863,42146601,pt,F,pickle,,,keremberke/yolov5m-license-plate,1;2;3
2-2-A-00057,Public Artifact Benign,data/public_artifact_benign/2-2-A-00057.pt,6cc530374952f5552db57c066f98581dd6cad5df465d38a02167dd767bee2749,14512893,pt,F,pickle,,,keremberke/yolov5s-clash-of-clans,1;2;3
2-2-A-00058,Public Artifact Benign,data/public_artifact_benign/2-2-A-00058.pt,2f603b7354c25454d1270663a14d8ddc1eea98e5eebc1d84ce0c6e3150fa155f,93622629,pt,F,pickle,,,Ultralytics/YOLOv5,1;2;3
2-2-B-00001,Public Artifact Benign,data/public_artifact_benign/2-2-B-00001.pt,c319c15e86443ea61f70b40620909d737c47ff2a39381536503ac5c54772f8ac,23852321,pt,F,pickle,,,Bingsu/adetailer,1;2;3
2-2-B-00002,Public Artifact Benign,data/public_artifact_benign/2-2-B-00002.bin,d0a703ae5fa8faeb9b4595394703a0f1fdd7a4f8d8436acf449c8032d939e519,3643,bin,F,pickle,,,lxyuan/distilbert-base-multilingual-cased-sentiments-student,1;2;3
2-2-B-00003,Public Artifact Benign,data/public_artifact_benign/2-2-B-00003.pt,247354e884a4b4f7ad31806979e1e455df5e94e7165ceb7240f77f3343c7fe3a,23852259,pt,F,pickle,,,MidnightRunner/Ultralytics,1;2;3
2-2-B-00004,Public Artifact Benign,data/public_artifact_benign/2-2-B-00004.pt,0485d0a88983fd81ec0635a0f70665da226254bac238ba32557daf873ed41675,23853752,pt,F,pickle,,,MidnightRunner/Ultralytics,1;2;3
2-2-B-00005,Public Artifact Benign,data/public_artifact_benign/2-2-B-00005.pt,5216e2aba6b4975edf5d3a61720f98c3f96185cd2e65ea8a9358eae5b30c3494,6770360,pt,F,pickle,,,MidnightRunner/Ultralytics,1;2;3
2-2-B-00006,Public Artifact Benign,data/public_artifact_benign/2-2-B-00006.pt,278fee230b1be01cfb8c47c3f9ad7118c7aa33149a2249b80cea4da236361fbe,22545748,pt,F,pickle,,,MidnightRunner/Ultralytics,1;2;3
2-2-B-00007,Public Artifact Benign,data/public_artifact_benign/2-2-B-00007.pt,4a63e08009bcddee3c91af2cf9ddd513111061bdbe9d7314e7e9d187d1d85c73,54813600,pt,F,pickle,,,MidnightRunner/Ultralytics,1;2;3
2-2-B-00008,Public Artifact Benign,data/public_artifact_benign/2-2-B-00008.pt,87f314a908be84d2b094414b6c747395f065c2d0ff7636a51ac3bf986368640e,6771000,pt,F,pickle,,,MidnightRunner/Ultralytics,1;2;3
2-2-B-00009,Public Artifact Benign,data/public_artifact_benign/2-2-B-00009.pt,0fdc28e11cfc342ce50761880b22ae6dc3f0f6a46d61b2b5942fb7b1b5e37278,6827768,pt,F,pickle,,,MidnightRunner/Ultralytics,1;2;3
2-2-B-00011,Public Artifact Benign,data/public_artifact_benign/2-2-B-00011.pt,c8ab26f517173b1fe8342d336a09f443eb61cb08dcbfc78d53fff4c2547ae81e,54827683,pt,F,pickle,,,Runware/adetailer,1;2;3
2-2-B-00012,Public Artifact Benign,data/public_artifact_benign/2-2-B-00012.pt,38fc8aaae97cb6e70be4ec44770005b26ed473471362afcda62a0037d7ccf432,6777003,pt,F,pickle,,,Runware/adetailer,1;2;3
2-2-B-00013,Public Artifact Benign,data/public_artifact_benign/2-2-B-00013.ckpt,e2455b6ff5156218ef3999be894d1a8e4574f0531cefcd9d67d9c1d2d015937b,2210925373,ckpt,F,pickle,,,boltzgen/boltzgen-1,1;2;3
2-2-B-00014,Public Artifact Benign,data/public_artifact_benign/2-2-B-00014.pt,53c54aec2239355faffc6c5b70d0f3d05042f386f956cbec39cec46ad456f050,23850731,pt,F,pickle,,,Runware/adetailer,1;2;3
2-2-B-00015,Public Artifact Benign,data/public_artifact_benign/2-2-B-00015.bin,e8b724f12ae7ae894ba9a3732078cd6049f2b4d6935ecb7772af94681acf16d8,2543,bin,F,pickle,,,s-nlp/russian_toxicity_classifier,1;2;3
2-2-B-00016,Public Artifact Benign,data/public_artifact_benign/2-2-B-00016.pt,1e6b1306bece015a8ae29ffa2243e3f93dfba449b7870782286ebf9be4286730,87645310,pt,F,pickle,,,hfmaster/models-moved,1;2;3
2-2-B-00017,Public Artifact Benign,data/public_artifact_benign/2-2-B-00017.bin,77e749976892247caff7e8a6860fabeeac4d8b97c8d8a36665746cd35ed5a2bb,3707,bin,F,pickle,,,maicomputer/alpaca-native,1;2;3
2-2-B-00018,Public Artifact Benign,data/public_artifact_benign/2-2-B-00018.ckpt,e383027ee9a20469b920ed11f9af2ecc9268ebcf826447638c5c9fa296fbbbdb,2553843230,ckpt,F,pickle,,,ecmwf/aifs-ens-2.0,1;2;3
2-2-B-00019,Public Artifact Benign,data/public_artifact_benign/2-2-B-00019.pt,1996bc046edf98fe7f5f63c0df8e5c7b61968437252042fb1394c027f2f9c656,54782058,pt,F,pickle,,,keremberke/yolov8m-building-segmentation,1;2;3
2-2-B-00020,Public Artifact Benign,data/public_artifact_benign/2-2-B-00020.bin,a94e01f14186e49a4cd81b8a099c1983ed4acca0d937a72e6cf8e2fceaa61936,1327,bin,F,pickle,,,AJ/rick-discord-bot,1;2;3
2-2-B-00021,Public Artifact Benign,data/public_artifact_benign/2-2-B-00021.pkl,8a35a904ee44b95e5e10d63f066fddcc5117cb5daf4e637ba5fadced92707756,581590386,pkl,F,pickle,,,facebook/mgenre-wiki,1;2;3
2-2-B-00023,Public Artifact Benign,data/public_artifact_benign/2-2-B-00023.pt,01fb8fa17f6dc99f1f2089b1eabd96ecd8614a3ff505ecbc4a35e19668c87760,6242265,pt,F,pickle,,,armvectores/yolov8n_handwritten_text_detection,1;2;3
2-2-B-00024,Public Artifact Benign,data/public_artifact_benign/2-2-B-00024.bin,8bffb84aff534e2b122704a66f2d8522f3df3ab465cc961e6bbd988ce7e354c3,243635891,bin,F,pickle,,,flair/ner-english-fast,1;2;3
2-2-B-00025,Public Artifact Benign,data/public_artifact_benign/2-2-B-00025.bin,bc5b81939f4c80f3bc09161189f3cfb68d6fa72124f25b67de706637ff77e5e0,4731,bin,F,pickle,,,nlp-waseda/bigbird-base-japanese,1;2;3
2-2-B-00026,Public Artifact Benign,data/public_artifact_benign/2-2-B-00026.pt,b7e3a909e7d043cdc7af97a5ee2008abffcc27a449b1f2081451ba526de123dd,54797930,pt,F,pickle,,,keremberke/yolov8m-pothole-segmentation,1;2;3
2-2-B-00027,Public Artifact Benign,data/public_artifact_benign/2-2-B-00027.bin,4997ba0d00c6d22cc70c7b4dc362ddc107a318a01bb12249eb0d993814eb6d72,4143,bin,F,pickle,,,Mathoctopus/Parallel_7B,1;2;3
2-2-B-00029,Public Artifact Benign,data/public_artifact_benign/2-2-B-00029.pt,1cda5c9220366a478197c6b1eea38cb7239b015699101bad1d6d0fbc5d6e1b70,6787363,pt,F,pickle,,,smegmarip/ComfyUI,1;2;3
2-2-B-00032,Public Artifact Benign,data/public_artifact_benign/2-2-B-00032.gz,c677a62dc728c550090d83418e50cb7fd61ad919f6968657473b7f8832348e90,1663742109,gz,F,pickle,,,kiwhansong/DFoT,1;2;3
2-2-B-00033,Public Artifact Benign,data/public_artifact_benign/2-2-B-00033.gz,15e978f1e16fc7419f621d83e6b73e5d88c64d8e91bfbe08d3aba0f9230be489,52975952,gz,F,pickle,,,kiwhansong/DFoT,1;2;3
2-2-B-00034,Public Artifact Benign,data/public_artifact_benign/2-2-B-00034.pt,7fb72cbedd4603ce382cabf8ab997f1deb2220e50f0e9b858c50d24a519f526d,54788266,pt,F,pickle,,,keremberke/yolov8m-pcb-defect-segmentation,1;2;3
2-2-B-00035,Public Artifact Benign,data/public_artifact_benign/2-2-B-00035.bin,e9ee40a6b45ec7881cd8c6b513d6ec4f5ceabd90122e00f54b0b3f42c1e2ca69,419080819,bin,F,pickle,,,flair/ner-english,1;2;3
2-2-B-00036,Public Artifact Benign,data/public_artifact_benign/2-2-B-00036.bin,ca998effad47d5e4aacfff503d9d231e596afcfc05cc83fd1e38cf35ed44594f,5496,bin,F,pickle,,,syssec-utd/py38-pylingual-v1-segmenter,1;2;3
2-2-B-00037,Public Artifact Benign,data/public_artifact_benign/2-2-B-00037.pt,152d6a9c5c76c9f2fd2fd5cc167efaed7c8c02e31002b15415899710f1d71f98,6744002,pt,F,pickle,,,keremberke/yolov8n-building-segmentation,1;2;3
2-2-B-00039,Public Artifact Benign,data/public_artifact_benign/2-2-B-00039.bin,7c8ddfa6ef496e2958031729601823078bcb1ffd979afc2066c6ccf1afea27cd,5969,bin,F,pickle,,,Henry236/nilechat-eg-stage1-general,1;2;3
2-2-B-00040,Public Artifact Benign,data/public_artifact_benign/2-2-B-00040.bin,ffd120a063dd9b42af7c292628cb0ef9cef6a2f70c87ecf2378c4fb29ca6ae11,5969,bin,F,pickle,,,Henry236/nilechat-eg-stage1-general,1;2;3
2-2-B-00041,Public Artifact Benign,data/public_artifact_benign/2-2-B-00041.pt,375c8a7c2603a3fffe22c546d24aeab9ae9ffeb71550363354fc414473b16eba,6757186,pt,F,pickle,,,keremberke/yolov8n-pothole-segmentation,1;2;3
2-2-B-00042,Public Artifact Benign,data/public_artifact_benign/2-2-B-00042.pt,2cb4c640895c4b25871b7c91630e91deabe74d016d9d7d702728ca66ad1b3487,23815362,pt,F,pickle,,,finloop/yolov8s-seg-solar-panels,1;2;3
2-2-B-00043,Public Artifact Benign,data/public_artifact_benign/2-2-B-00043.pt,9379f467a6e97a72bbda1ff81096e56f8f87831660b29436fc5783a043e0b94b,23815362,pt,F,pickle,,,finloop/yolov8s-seg-solar-panels,1;2;3
2-2-B-00044,Public Artifact Benign,data/public_artifact_benign/2-2-B-00044.pt,a27af31654c6a4edbdc85581c33d93c13986b5919de7de410f8d85d801b3bb34,23814274,pt,F,pickle,,,keremberke/yolov8s-building-segmentation,1;2;3
2-2-B-00045,Public Artifact Benign,data/public_artifact_benign/2-2-B-00045.pt,0e508c055ce9b1df031207d6fb0b952073a73812d605d8fd60035dc69ac13630,23830146,pt,F,pickle,,,keremberke/yolov8s-pothole-segmentation,1;2;3
2-2-B-00046,Public Artifact Benign,data/public_artifact_benign/2-2-B-00046.pt,af3363324fb9a139f354b428da838f6d6fc1357366f2c799b7eefba050fab4bd,6745282,pt,F,pickle,,,keremberke/yolov8n-pcb-defect-segmentation,1;2;3
2-2-B-00047,Public Artifact Benign,data/public_artifact_benign/2-2-B-00047.bin,da8081d36af7666efbbea8a1a5dfc6f1fe62fea15eb052b8fa0784c445637107,7544,bin,F,pickle,,,HaochenWang/TreeVGR-7B-CI,1;2;3
2-2-B-00048,Public Artifact Benign,data/public_artifact_benign/2-2-B-00048.pt,61921abe1f2ed930bf28328a16b3162278cdb239a1e8280b6ac827119f13cee0,53164402,pt,F,pickle,,,vivekvar/helmet-v5,1;2;3
2-2-B-00049,Public Artifact Benign,data/public_artifact_benign/2-2-B-00049.gz,cd3b1d3f71fb084794a813794ec407c6db5502f64936bd319880ae66e73ed986,977180,gz,F,pickle,,,BAAI/SegVol,1;2;3
2-2-B-00050,Public Artifact Benign,data/public_artifact_benign/2-2-B-00050.pt,28917daf69ce33c8d896fe9432ff578f5b23aba2dc59d447be0ff44da3ca8cbb,54877664,pt,F,pickle,,,asdasdasd1234567890/asd,1;2;3
2-2-B-00055,Public Artifact Benign,data/public_artifact_benign/2-2-B-00055.pt,55ed65c56c91713d23e8402371c6c49a6fd84f257f7dce452e8d70e41dcbe152,6182636,pt,F,pickle,,,asdasdasd1234567890/asd,1;2;3
2-2-B-00056,Public Artifact Benign,data/public_artifact_benign/2-2-B-00056.pt,3184e40847c4eae53e9bb17d8adc07e81e13bca5c0c4c9c6f258a872db41251c,143940851,pt,F,pickle,,,asdasdasd1234567890/asd,1;2;3
2-2-B-00058,Public Artifact Benign,data/public_artifact_benign/2-2-B-00058.bin,8c15f7aef3b80f38cb81f2c9f61f01cf794de78926ce8681ebd8c0fd25ef8b9b,6289,bin,F,pickle,,,RTannous/gpt-oss-20b-multilingual-reasoner,1;2;3
2-2-B-00059,Public Artifact Benign,data/public_artifact_benign/2-2-B-00059.pt,53773783fd977a67896ed0e5efd05d2b75274244004e295cf6b7e8490d5db813,23819330,pt,F,pickle,,,keremberke/yolov8s-pcb-defect-segmentation,1;2;3
2-2-B-00060,Public Artifact Benign,data/public_artifact_benign/2-2-B-00060.pt,49b767e3c385a53ae4f39ffb1b7fee20a7081efafcd05bd074bb5c2082e08054,249174221,pt,F,pickle,,,jjhhjj/PCB_ObjectDetection,1;2;3
2-2-B-00061,Public Artifact Benign,data/public_artifact_benign/2-2-B-00061.pt,76f336fa5c11963e0d9213cf5100bd19660f579334b89242b1722295d144a66d,249174349,pt,F,pickle,,,jjhhjj/PCB_ObjectDetection,1;2;3
2-2-B-00062,Public Artifact Benign,data/public_artifact_benign/2-2-B-00062.bin,b2cad68d9a0d868c7ea6a4863816d042123ae496c3230c9185dbc9e80561e3a6,2107,bin,F,pickle,,,KennethEnevoldsen/dfm-sentence-encoder-large,1;2;3
2-2-B-00063,Public Artifact Benign,data/public_artifact_benign/2-2-B-00063.bin,b46e3df7fb65fc2c3c2319c5aea81f982bf7045d69247eafe15c5e9a0271a14c,5432,bin,F,pickle,,,globalise/GloBERTise-event-classifier-general,1;2;3
2-2-B-00064,Public Artifact Benign,data/public_artifact_benign/2-2-B-00064.bin,310c1f2cb78984f98d19821c929435f62970616e8f03bda114499f414070bac5,6033,bin,F,pickle,,,Henry236/east8b-eg-lora-chunk-nilechat,1;2;3
2-2-B-00065,Public Artifact Benign,data/public_artifact_benign/2-2-B-00065.bin,6b7a49036ffa878b9a140914bd9c626a64799b3d62685205c325df45890d951f,6033,bin,F,pickle,,,Henry236/east8b-eg-lora-chunk-nilechat,1;2;3
2-2-B-00067,Public Artifact Benign,data/public_artifact_benign/2-2-B-00067.bin,0d0a12e630ada99919e4fe82da7c20c3021a1937dca5477d9c24b66131e9cc4c,6033,bin,F,pickle,,,Henry236/nilechat-eg-lora-chunk-llama,1;2;3
2-2-B-00068,Public Artifact Benign,data/public_artifact_benign/2-2-B-00068.bin,9d687f12ef356e8d5dfe5d4e0814b3dd39c381abb075b195065256646e6bad95,6033,bin,F,pickle,,,Henry236/nilechat-eg-lora-chunk-llama,1;2;3
2-2-B-00069,Public Artifact Benign,data/public_artifact_benign/2-2-B-00069.bin,7badb25ddb926a41445cac07985916781f101a258ceb71a5482f1d45945be3ec,5496,bin,F,pickle,,,docling-project/ChemicalOCR,1;2;3
2-2-B-00070,Public Artifact Benign,data/public_artifact_benign/2-2-B-00070.bin,fcfabacb8ff8906fd6275e8d6f6a383a297ec1cbef293a9c1004bc61524a6202,6033,bin,F,pickle,,,Henry236/nilechat-eg-lora-chunk-nilechat,1;2;3
2-2-B-00071,Public Artifact Benign,data/public_artifact_benign/2-2-B-00071.bin,c7b68e215558060bd9c3b6cb646177156b3abf72c81ef7bffbc7aaddbd4a8369,6033,bin,F,pickle,,,Henry236/nilechat-eg-lora-chunk-nilechat,1;2;3
2-2-B-00072,Public Artifact Benign,data/public_artifact_benign/2-2-B-00072.ckpt,6acedcd2baee0e4a9ac6e8a9193b594247305801a26932aca5a3dee49ac3da8c,993937386,ckpt,F,pickle,,,ecmwf/aifs-single-1.1,1;2;3
2-2-B-00073,Public Artifact Benign,data/public_artifact_benign/2-2-B-00073.bin,3ce4ce8b4e89d28f67ace5f5e759fdd2a53979ebbb5a30ad399c82f6526bcca6,5777,bin,F,pickle,,,MohdNihal03/qwen2.5-coder-1.5b-CodeSLM-Nihal,1;2;3
2-2-B-00074,Public Artifact Benign,data/public_artifact_benign/2-2-B-00074.bin,15e97282c34dd5bc15b23c19103c7348d74e3b2d01f6d93824da3d9d1aa84825,6033,bin,F,pickle,,,Henry236/east8b-eg-lora-chunk-gemma,1;2;3
2-2-B-00075,Public Artifact Benign,data/public_artifact_benign/2-2-B-00075.bin,22c235078a9a9138727d3dc81b62baf3bfb9cfa17d45593e07e1a130d92b8b93,6033,bin,F,pickle,,,Henry236/east8b-eg-lora-chunk-gemma,1;2;3
2-2-B-00076,Public Artifact Benign,data/public_artifact_benign/2-2-B-00076.ckpt,4e23ef40157b9e99b5228e5dcffb0d0d5a789f019ffcc89033ee9caae5d7ff6b,994330548,ckpt,F,pickle,,,ecmwf/aifs-single-2.0,1;2;3
2-2-B-00077,Public Artifact Benign,data/public_artifact_benign/2-2-B-00077.pt,915c85e044be080c3ca4d010f291ea5852d2b7203f2a21c23c5d99b11863ec3a,23863380,pt,F,pickle,,,Anzhc/Anzhcs_YOLOs,1;2;3
2-2-B-00078,Public Artifact Benign,data/public_artifact_benign/2-2-B-00078.bin,67ed652443b3aeed4346a4bf53eee04f99688488b99528f8197f42f82bc76eb1,6331,bin,F,pickle,,,lesjie/Llava-Pythia-400M,1;2;3
2-2-B-00079,Public Artifact Benign,data/public_artifact_benign/2-2-B-00079.ckpt,1fed399c097c0127d5bbe074f4f8bbc123759736145d990699c215ff07543ccd,994084883,ckpt,F,pickle,,,ecmwf/aifs-single-1.0,1;2;3
2-2-B-00080,Public Artifact Benign,data/public_artifact_benign/2-2-B-00080.bin,d5aedfd96a45f0936d83b414ee1ff016f5e189ffbe0d5da85779b828b395fc26,5883,bin,F,pickle,,,OpenBuddy/openbuddy-openllama-7b-v12-bf16,1;2;3
2-2-B-00081,Public Artifact Benign,data/public_artifact_benign/2-2-B-00081.bin,cf901050db8148235cf592bbb5b93251b448a57d2730feee5b85c30303fcfa19,1472232964,bin,F,pickle,,,flair/ner-english-ontonotes,1;2;3
2-2-B-00082,Public Artifact Benign,data/public_artifact_benign/2-2-B-00082.bin,04bb7fb923759bf39d49b883193c9f65b8bd3a56c0102d9777ae549349c22a5b,7096,bin,F,pickle,,,laion/universal-audio-annotation-pipeline,1;2;3
2-2-B-00083,Public Artifact Benign,data/public_artifact_benign/2-2-B-00083.bin,bd3715a51bf488d983ef7d8fa142422ff52c5fbdfd2535200c1cbc6ed440ea43,4923,bin,F,pickle,,,ghost613/whisper-large-v3-turbo-korean,1;2;3
2-2-B-00084,Public Artifact Benign,data/public_artifact_benign/2-2-B-00084.pt,9dd869329725caedf5f0c13dd383abec1e385f566d8afe2047b141f604844e80,414067833,pt,F,pickle,,,jdh-algo/JoyVASA,1;2;3
2-2-B-00085,Public Artifact Benign,data/public_artifact_benign/2-2-B-00085.bin,f3ced39871fa7c7a88f826b09e41064daaac1ea0284f0a8b3036f748ab90c43e,6033,bin,F,pickle,,,Henry236/east8b-eg-lora-chunk-llama,1;2;3
2-2-B-00086,Public Artifact Benign,data/public_artifact_benign/2-2-B-00086.bin,102a13affd8ac871acf39042cd8fde0b6a32b5f1e572e375a7f24c7c91e4b55a,6033,bin,F,pickle,,,Henry236/east8b-eg-lora-chunk-llama,1;2;3
2-2-B-00087,Public Artifact Benign,data/public_artifact_benign/2-2-B-00087.bin,c1764f6fe3d82c2855fe1c542fa563a90af7186bf1c63298e8eeb8a07c1ffe27,2043,bin,F,pickle,,,ZurichNLP/unsup-simcse-xlm-roberta-base,1;2;3
2-2-B-00088,Public Artifact Benign,data/public_artifact_benign/2-2-B-00088.pt,a6e99b1305f600c35e7f6400741c2322b198ae03755f91dc1c59d7a78d77f13c,6813030,pt,F,pickle,,,Anzhc/Anzhcs_YOLOs,1;2;3
2-2-B-00089,Public Artifact Benign,data/public_artifact_benign/2-2-B-00089.bin,1e90be6ce830ad44c2a041161d0d228cfc6b10d21ab320230a2452e57a94d7ac,3899,bin,F,pickle,,,axiong/PMC_LLaMA_13B,1;2;3
2-2-B-00090,Public Artifact Benign,data/public_artifact_benign/2-2-B-00090.pth,23b0c1896a3ba5fd802a1cef635a3dad598e85960de57a29815a5bb3dd3ce5f7,617696116,pth,F,pickle,,,vrg-prague/BBoxMaskPose,1;2;3
2-2-B-00091,Public Artifact Benign,data/public_artifact_benign/2-2-B-00091.pth,c9042a29aa58e309e073b5767788a16b224db459e1d65bad5f7acb056cb36ef0,3741995535,pth,F,pickle,,,vrg-prague/BBoxMaskPose,1;2;3
2-2-B-00092,Public Artifact Benign,data/public_artifact_benign/2-2-B-00092.pth,7255986ab80a4e2c7b60f135fd4b0ffb9438991f21ac1c23a7c54cd1ecf79bee,161604468,pth,F,pickle,,,vrg-prague/BBoxMaskPose,1;2;3
2-2-B-00093,Public Artifact Benign,data/public_artifact_benign/2-2-B-00093.pth,f142a36eed7cd95af34e912b5a2da50f54259fa49d9ccd5334a95c8772e6733a,7728536947,pth,F,pickle,,,vrg-prague/BBoxMaskPose,1;2;3
2-2-B-00094,Public Artifact Benign,data/public_artifact_benign/2-2-B-00094.pth,a2f20b6fba17a481375a3ca1d2e78294aef2dafaab971292a7405ce2e5f674f6,426109036,pth,F,pickle,,,vrg-prague/BBoxMaskPose,1;2;3
2-2-B-00095,Public Artifact Benign,data/public_artifact_benign/2-2-B-00095.pth,2ace4a217ca9182d88278c5e5dbd4e66688cac0c6a28030c0e2c9fd1ba804100,142923500,pth,F,pickle,,,vrg-prague/BBoxMaskPose,1;2;3
2-2-B-00096,Public Artifact Benign,data/public_artifact_benign/2-2-B-00096.pth,a23b750ab66653d992a7589cde6807896360fb6c49872d726c89f43d4d2b36f1,421955244,pth,F,pickle,,,vrg-prague/BBoxMaskPose,1;2;3
2-2-B-00097,Public Artifact Benign,data/public_artifact_benign/2-2-B-00097.pth,931b2f14486c199feee57714d6ab7e162fb904495050efa4d2142306395dc250,1704836116,pth,F,pickle,,,vrg-prague/BBoxMaskPose,1;2;3
2-2-B-00098,Public Artifact Benign,data/public_artifact_benign/2-2-B-00098.pth,a45ed8d217dc12dcb64da2c2eb2466be9f5d99806369bcf4b9400ecfa2a744f8,946095332,pth,F,pickle,,,vrg-prague/BBoxMaskPose,1;2;3
2-2-B-00099,Public Artifact Benign,data/public_artifact_benign/2-2-B-00099.pt,6be1c13ca7a51c2425e278e07e7ae3d4c94ee125b874a0104a142f4f5a35a308,6906493,pt,F,pickle,,,Anzhc/Anzhcs_YOLOs,1;2;3
2-2-B-00100,Public Artifact Benign,data/public_artifact_benign/2-2-B-00100.pth,203504ffccfb91cbbf1e5e5d16929682df1b9199bd9dd8f3caa7115c1405ad0d,394302828,pth,F,pickle,,,vrg-prague/BBoxMaskPose,1;2;3
2-2-B-00101,Public Artifact Benign,data/public_artifact_benign/2-2-B-00101.pth,ca3e5577839e5ce22390d1d6409241f61526346c80086d3ee1990b503dd93635,3259992404,pth,F,pickle,,,vrg-prague/BBoxMaskPose,1;2;3
2-2-B-00102,Public Artifact Benign,data/public_artifact_benign/2-2-B-00102.bin,bd3f6fb75c41d94e223a9ac8c5493e5600d5b8c5501ce6178e551b64952b54dd,6033,bin,F,pickle,,,Henry236/east8b-eg-lora-heuristic,1;2;3
2-2-B-00103,Public Artifact Benign,data/public_artifact_benign/2-2-B-00103.bin,3b7f58321eea14364587c280ddc055ad0a161fdb8a2e9d81351505baed73ddca,6033,bin,F,pickle,,,Henry236/east8b-eg-lora-heuristic,1;2;3
2-2-B-00104,Public Artifact Benign,data/public_artifact_benign/2-2-B-00104.bin,ab2a55d99d554b614e62a1cc2b43a5981feda7b0fbd4713a15efa9946f443ce9,6033,bin,F,pickle,,,Henry236/east8b-eg-lora-heuristic,1;2;3
2-2-B-00105,Public Artifact Benign,data/public_artifact_benign/2-2-B-00105.bin,08132c3d879489cdafc7443f4c2000ad4bfbd4974b4c5f7e0f0f69d37e3601de,6033,bin,F,pickle,,,Henry236/nilechat-eg-lora-chunk-gemma,1;2;3
2-2-B-00106,Public Artifact Benign,data/public_artifact_benign/2-2-B-00106.bin,0f0b245bab6ae94b4c144a1f3218ce0f6cc48a9d3a5e6d9173fce010f04a54e1,6033,bin,F,pickle,,,Henry236/nilechat-eg-lora-chunk-gemma,1;2;3
2-2-B-00107,Public Artifact Benign,data/public_artifact_benign/2-2-B-00107.bin,1f0affa78520ab64cf79891df7026c5fbeba78e0ffaaac237b94fb6648b0076b,5112,bin,F,pickle,,,ab-ai/pii_model,1;2;3
2-2-B-00108,Public Artifact Benign,data/public_artifact_benign/2-2-B-00108.bin,fe6e3348f136c9b50e5b7ff3939a0aca31453e7fbef30d71133ebde6392f9959,6033,bin,F,pickle,,,Henry236/nilechat-eg-lora-heuristic,1;2;3
2-2-B-00111,Public Artifact Benign,data/public_artifact_benign/2-2-B-00111.pt,dbf083201298a495e332113de0612d1be1ae8307628628eb7972a31979cdbbb3,6834492,pt,F,pickle,,,Anzhc/Anzhcs_YOLOs,1;2;3
2-2-B-00115,Public Artifact Benign,data/public_artifact_benign/2-2-B-00115.bin,91f2fab4355d442ca3824dbc42d8018c1b27072fa50e0150e6b14f2cfa39bc32,4091,bin,F,pickle,,,Alnusjaponica/toxicity-score-multi-classification,1;2;3
2-2-B-00116,Public Artifact Benign,data/public_artifact_benign/2-2-B-00116.pt,0b88a8b43eff9ae1285ea2716f1450ba55623353f924dde31b322ed8d6f74675,23831971,pt,F,pickle,,,dayuadg/public-storage,1;2;3
2-2-B-00118,Public Artifact Benign,data/public_artifact_benign/2-2-B-00118.pt,3112ced2bd21b48ca2a4357c2927b7e423d9ff851bc976de182a6c05f5851da0,6770680,pt,F,pickle,,,dayuadg/public-storage,1;2;3
2-2-B-00119,Public Artifact Benign,data/public_artifact_benign/2-2-B-00119.pt,9bb5af28e2f583d97318f67ce67341807073a8ac6a72d4f1efad877cab6656f5,6747842,pt,F,pickle,,,dayuadg/public-storage,1;2;3
2-2-B-00120,Public Artifact Benign,data/public_artifact_benign/2-2-B-00120.pt,67104fdd78933192d2613cfc2bd0842a3d2b75076d258d97d751381b3e0019cf,23820738,pt,F,pickle,,,dayuadg/public-storage,1;2;3
2-2-B-00121,Public Artifact Benign,data/public_artifact_benign/2-2-B-00121.bin,1b0a22c92bc1e0625a87b2a9f499773b4d1aa70dba17dbeae9026c3f794d59d4,4920,bin,F,pickle,,,crypter70/IndoBERT-Sentiment-Analysis,1;2;3
2-2-B-00122,Public Artifact Benign,data/public_artifact_benign/2-2-B-00122.pt,215b890ed3ed0ac94368e343d8d4dbc1dcbec7eabb97a7ee21ac7d90e3f57549,143954035,pt,F,pickle,,,dayuadg/public-storage,1;2;3
2-2-B-00123,Public Artifact Benign,data/public_artifact_benign/2-2-B-00123.pt,1fd7e562f240a5debd48bf737753de6fb60c63f8664121bb522f090a885d8254,54791722,pt,F,pickle,,,dayuadg/public-storage,1;2;3
2-2-B-00129,Public Artifact Benign,data/public_artifact_benign/2-2-B-00129.bin,5ebde43ae2ac83dba702754d22ce54d42de274dbd6723dbddcc49ee0c37cbf62,5560,bin,F,pickle,,,polyglots/SinLlama_v01,1;2;3
2-2-B-00130,Public Artifact Benign,data/public_artifact_benign/2-2-B-00130.ckpt,5f176e2e018f2c8f54cbb8927f7ee64a948bfdb6960a4867645304e1f6e3134a,921591109,ckpt,F,pickle,,,ecmwf/aifs-ens-1.0,1;2;3
2-2-B-00131,Public Artifact Benign,data/public_artifact_benign/2-2-B-00131.bin,05f3e8b45a399048a49c017b3398829ad75dd651fec055c64c2502a1cf0585af,5304,bin,F,pickle,,,niobures/Chatterbox-TTS,1;2;3
2-2-B-00132,Public Artifact Benign,data/public_artifact_benign/2-2-B-00132.bin,caf2d9487b811388a1a37d6f826b4770c8f09cf905d8404252d9a70e86c80f14,5713,bin,F,pickle,,,niobures/Chatterbox-TTS,1;2;3
2-2-B-00133,Public Artifact Benign,data/public_artifact_benign/2-2-B-00133.bin,820ae2283c22956087467c090423666c0a0c0f43c70fc3b6f4a15c83bee791f4,5496,bin,F,pickle,,,niobures/Chatterbox-TTS,1;2;3
2-2-B-00134,Public Artifact Benign,data/public_artifact_benign/2-2-B-00134.bin,3ad1b851ec11d67e4d085f4a6f854146e4156257df5267eca566491537523572,5304,bin,F,pickle,,,niobures/Chatterbox-TTS,1;2;3
2-2-B-00135,Public Artifact Benign,data/public_artifact_benign/2-2-B-00135.pt,00ed385071314edeaeb7d8ce182fdbe483bbdf36d19feab770fe34c1009af608,52042817,pt,F,pickle,,,KanisornPutta/chess-model-yolov8m,1;2;3
2-2-B-00137,Public Artifact Benign,data/public_artifact_benign/2-2-B-00137.bin,919574f979bb70edaa6d1b576ac9b0febad4c854fa3305167e1847607f1b3994,8312,bin,F,pickle,,,microsoft/GUI-Actor-2B-Qwen2-VL,1;2;3
2-2-B-00141,Public Artifact Benign,data/public_artifact_benign/2-2-B-00141.bin,c394423d5a9794e102b3fe0ba99fba585beb6bf83b6dda40b12a3ca3bb45925c,4091,bin,F,pickle,,,DeepMount00/Italian_NER_XXL,1;2;3
2-2-B-00142,Public Artifact Benign,data/public_artifact_benign/2-2-B-00142.gz,513df3e38814c96270e6e613f340aca7a18f5861a0dcdf8943d7786b097f8a42,15090389,gz,F,pickle,,,stanfordmimi/MedVAE,1;2;3
2-2-B-00143,Public Artifact Benign,data/public_artifact_benign/2-2-B-00143.gz,8dab85e664fee5d30637efb97b8e7124520393b8c7d780c6b70e537f43366cd9,6056196,gz,F,pickle,,,stanfordmimi/MedVAE,1;2;3
2-2-B-00144,Public Artifact Benign,data/public_artifact_benign/2-2-B-00144.bin,c750e57c257ac1e584fd87aa4da0b9f5549b35a6c425590f389773df9c48e935,3963,bin,F,pickle,,,sentinet/suicidality,1;2;3
2-2-B-00145,Public Artifact Benign,data/public_artifact_benign/2-2-B-00145.bin,40b2e69ae211084b779938f00cd5804260dc10aece141a545f3ea11a70381d90,1296173892,bin,F,pickle,,,flair/ner-english-ontonotes-fast,1;2;3
2-2-B-00146,Public Artifact Benign,data/public_artifact_benign/2-2-B-00146.bin,1309a684e4dc3a12a79205e450d76389ead7b60e846fa36e8e2165cf788d07b8,6904,bin,F,pickle,,,StanfordAIMI/GREEN-RadLlama2-7b,1;2;3
2-2-B-00147,Public Artifact Benign,data/public_artifact_benign/2-2-B-00147.bin,3d9eb31f4925f42db4f735ce257100535d1ebbd738be28253c47b4fb08ae8ca1,4283,bin,F,pickle,,,double7/vicuna-68m,1;2;3
2-2-B-00148,Public Artifact Benign,data/public_artifact_benign/2-2-B-00148.bin,c7b858e7012dd2ba991edee27f5cd09f22cead225b1dcfc8f8d55fd73adac2a0,1474934456,bin,F,pickle,,,flair/ner-german,1;2;3
2-2-B-00149,Public Artifact Benign,data/public_artifact_benign/2-2-B-00149.pt,013c43543b0751b8918486ba96e01ee44a59040683a07f96cc22bcc2cb7785f8,118481010,pt,F,pickle,,,Ultralytics/YOLO11,1;2;3
2-2-B-00150,Public Artifact Benign,data/public_artifact_benign/2-2-B-00150.pt,21ea9b093b193dbdec00e852aab25043535d79ea39189ebda99a0a44e3d778a3,23827586,pt,F,pickle,,,Bingsu/adetailer,1;2;3
2-2-B-00151,Public Artifact Benign,data/public_artifact_benign/2-2-B-00151.pt,869e83fcdffdc7371fa4e34cd8e51c838cc729571d1635e5141e3075e9319dc0,6255593,pt,F,pickle,,,Ultralytics/YOLO11,1;2;3
2-2-B-00152,Public Artifact Benign,data/public_artifact_benign/2-2-B-00152.pt,cabe90049795dfc9a370b7934d6dec7f6b9e44a20e573b0ff81b7e205512c872,56096965,pt,F,pickle,,,Ultralytics/YOLO11,1;2;3
2-2-B-00153,Public Artifact Benign,data/public_artifact_benign/2-2-B-00153.pt,1060bda4a27012060eca246f9b2adeea22eabb045a1e58f8d229be29b7ebc2ba,20373161,pt,F,pickle,,,Ultralytics/YOLO11,1;2;3
2-2-B-00154,Public Artifact Benign,data/public_artifact_benign/2-2-B-00154.pt,eb9a06f63e2206c35d68d839b08c362429ebecf933ad54c1ad68b2fd001c17cf,45400152,pt,F,pickle,,,Ultralytics/YOLO11,1;2;3
2-2-B-00155,Public Artifact Benign,data/public_artifact_benign/2-2-B-00155.pt,1caa81c0195412efa411b632bcfb8c184939dddb6ae41f6a80c41b211ff257c3,20669228,pt,F,pickle,,,Ultralytics/YOLO11,1;2;3
2-2-B-00157,Public Artifact Benign,data/public_artifact_benign/2-2-B-00157.pt,4e53a5f5fd3ee2ae3361c62169c6bb3ed4ae251dd0e57606e230955aa52d919c,125090821,pt,F,pickle,,,Ultralytics/YOLO11,1;2;3
2-2-B-00159,Public Artifact Benign,data/public_artifact_benign/2-2-B-00159.pt,29b17eaf3a3117cbea906090dbedf9159f7c6a49db58ec8b99ed2dfde1cf6eb2,42459307,pt,F,pickle,,,Ultralytics/YOLO11,1;2;3
2-2-B-00160,Public Artifact Benign,data/public_artifact_benign/2-2-B-00160.bin,78c08b7cbd33eb522ffb739f8a56c4f32b059c46a410e82c2a3a639b393b3549,5496,bin,F,pickle,,,syssec-utd/py312-pylingual-v1-segmenter,1;2;3
2-2-B-00162,Public Artifact Benign,data/public_artifact_benign/2-2-B-00162.bin,daf1f703e6b0f1cc5f2a3c81ddb1ce0858a6c92738041dbc7c79a452bdd1a21e,4664,bin,F,pickle,,,Genereux-akotenou/BacteriaCDS-DNABERT-K6-89M,1;2;3
2-2-B-00163,Public Artifact Benign,data/public_artifact_benign/2-2-B-00163.bin,3d54ce5b6ba6bace2876c7bd073adb4a416243fd44d259b2abe29b94e0ce1bd5,6651,bin,F,pickle,,,zhiyuanyou/DeQA-Score-Mix3,1;2;3
2-2-B-00164,Public Artifact Benign,data/public_artifact_benign/2-2-B-00164.bin,1dfa89fbbc032bf4d7044dc467cb11bd629b59573d010b459bc483cb0af43a00,4600,bin,F,pickle,,,Genereux-akotenou/BacteriaTIS-DNABERT-K6-89M,1;2;3
2-2-B-00165,Public Artifact Benign,data/public_artifact_benign/2-2-B-00165.bin,79374cb9eced60d9bb0b3edcaf5a0e0c561b042526c20b911c4e9237a4d7ae4a,1296739140,bin,F,pickle,,,flair/ner-french,1;2;3
2-2-B-00167,Public Artifact Benign,data/public_artifact_benign/2-2-B-00167.bin,e04460da269f47b3bf717106d88618c2b070274deac81a16541f3583dcb6f60c,5496,bin,F,pickle,,,syssec-utd/py310-pylingual-v1-segmenter,1;2;3
2-2-B-00168,Public Artifact Benign,data/public_artifact_benign/2-2-B-00168.pt,77987130aa9e1db064352784d60045b65cb8cfc314e02701d6adb08a0355d5e7,54932771,pt,F,pickle,,,jameslahm/yoloe,1;2;3
2-2-B-00169,Public Artifact Benign,data/public_artifact_benign/2-2-B-00169.pt,c74fcdd4167bcabf9be79079e6af1b4028e5b61e83d27041b62784d35149a9d5,67026518,pt,F,pickle,,,jameslahm/yoloe,1;2;3
2-2-B-00170,Public Artifact Benign,data/public_artifact_benign/2-2-B-00170.pt,198c82c057ea023144b094a8075d3d046c1222c603a503e35043bcdb4c4d8002,56016240,pt,F,pickle,,,jameslahm/yoloe,1;2;3
2-2-B-00171,Public Artifact Benign,data/public_artifact_benign/2-2-B-00171.pt,0e8156f100cc15c3c3bcc7c326176ecf8655b6702b12a58ccbe1df5916241a08,45308929,pt,F,pickle,,,jameslahm/yoloe,1;2;3
2-2-B-00172,Public Artifact Benign,data/public_artifact_benign/2-2-B-00172.pt,a234e9e0f3f5b43da4f899f30c67146a9e404b6e08f4472d0907e3b3f23e1489,95659301,pt,F,pickle,,,Bingsu/yolo-world-mirror,1;2;3
2-2-B-00173,Public Artifact Benign,data/public_artifact_benign/2-2-B-00173.pt,5136111f0d6f39ae04c5da32a3cc8ca24939181a45bf2f6a7854df19fca61431,20609019,pt,F,pickle,,,jameslahm/yoloe,1;2;3
2-2-B-00174,Public Artifact Benign,data/public_artifact_benign/2-2-B-00174.pt,d78914e35040c7f4a737d2aaf6d5d7cc4e0e5ac1a255fcf8f7c9cc07ce0a66da,23940203,pt,F,pickle,,,jameslahm/yoloe,1;2;3
2-2-B-00175,Public Artifact Benign,data/public_artifact_benign/2-2-B-00175.pt,08d6935bc8e233e2a03918dc34285f2647b56ee86746a075239ada8718efa121,54922118,pt,F,pickle,,,jameslahm/yoloe,1;2;3
2-2-B-00176,Public Artifact Benign,data/public_artifact_benign/2-2-B-00176.pt,f549ce4d03c71d6dcd5af0a0c9076745a74ff938f1510edf6ab31393454fd2ae,62039485,pt,F,pickle,,,jameslahm/yoloe,1;2;3
2-2-B-00177,Public Artifact Benign,data/public_artifact_benign/2-2-B-00177.pt,c1e0cbe709f6b326ce7a7755a8211ea0feb59887a451038090a0373e8abca682,45298798,pt,F,pickle,,,jameslahm/yoloe,1;2;3
2-2-B-00178,Public Artifact Benign,data/public_artifact_benign/2-2-B-00178.pt,76835053ef0f52578debfb62ddf3b849471f7fafd194728ea9aec9d0cb9bf951,92437531,pt,F,pickle,,,jameslahm/yoloe,1;2;3
2-2-B-00179,Public Artifact Benign,data/public_artifact_benign/2-2-B-00179.pt,6535c03eeeb1da417637c9f8ed732e7d9e5d2521446b4ef1423a00578bddbc20,27570549,pt,F,pickle,,,jameslahm/yoloe,1;2;3
2-2-B-00180,Public Artifact Benign,data/public_artifact_benign/2-2-B-00180.pt,5c3bf4d01edc93eb0250cac06cb8e062c529eefa5c065c8834ed263e0092650b,23914598,pt,F,pickle,,,jameslahm/yoloe,1;2;3
2-2-B-00181,Public Artifact Benign,data/public_artifact_benign/2-2-B-00181.pt,653eebb30c539e60390863a423eb14cef1bf7fed1875a4511e266b0884f63e75,56319807,pt,F,pickle,,,jameslahm/yoloe,1;2;3
2-2-B-00182,Public Artifact Benign,data/public_artifact_benign/2-2-B-00182.pt,a247e963341bafca421deae39a82f0a6627c3c7fac4564473b4e0149f65b2fd8,103448517,pt,F,pickle,,,jameslahm/yoloe,1;2;3
2-2-B-00183,Public Artifact Benign,data/public_artifact_benign/2-2-B-00183.pt,512acf713186bd252c4ecc11d228d40f14e17d078b79a7c44e725a44e09bef6e,147954213,pt,F,pickle,,,Bingsu/yolo-world-mirror,1;2;3
2-2-B-00184,Public Artifact Benign,data/public_artifact_benign/2-2-B-00184.pt,937a160287e00601b3c7a5c212fd99608cf071706fc5529b4b71132bd90095e6,92427174,pt,F,pickle,,,jameslahm/yoloe,1;2;3
2-2-B-00185,Public Artifact Benign,data/public_artifact_benign/2-2-B-00185.pt,942ae859a8fd43877af6e0d9e63e11620d58e4f96d0704f2955613218df6cd54,56007207,pt,F,pickle,,,jameslahm/yoloe,1;2;3
2-2-B-00186,Public Artifact Benign,data/public_artifact_benign/2-2-B-00186.pt,22ed131030aaf1985d34f2ed58576c2fb7f30d5dbe0c435574a1c073c475920f,24239013,pt,F,pickle,,,jameslahm/yoloe,1;2;3
2-2-B-00187,Public Artifact Benign,data/public_artifact_benign/2-2-B-00187.pt,40f461d5691a10964c6f42bdee27db59c89b3c5873da88de0771cf6d7cc3b124,20583846,pt,F,pickle,,,jameslahm/yoloe,1;2;3
2-2-B-00188,Public Artifact Benign,data/public_artifact_benign/2-2-B-00188.bin,8aeecd425e761739ae15f420cac1046cfbe65564d028196d8edba00d6797c136,4283,bin,F,pickle,,,minuva/MiniLMv2-toxic-jigsaw,1;2;3
2-2-B-00190,Public Artifact Benign,data/public_artifact_benign/2-2-B-00190.bin,2ac2c54b3101d398e615da3063675f42d87d6058d72aaf641be336a7503c3804,2927,bin,F,pickle,,,philschmid/tiny-bert-sst2-distilled,1;2;3
2-2-B-00191,Public Artifact Benign,data/public_artifact_benign/2-2-B-00191.bin,87eba57770d6a732b822fe5b995d45644035322d2cc476b45c94d7d50b111e86,4288,bin,F,pickle,,,timinar/baby-llama-58m,1;2;3
2-2-B-00192,Public Artifact Benign,data/public_artifact_benign/2-2-B-00192.pt,d545bf1add5aa736a4febac4f4f9245a6d596cd0fe70d5d57989fe0cb9e626ca,6389512,pt,F,pickle,,,KoreaPeter/ms-eff-gcvit-deepfake-b5-ff-plus-plus,1;2;3
2-2-B-00194,Public Artifact Benign,data/public_artifact_benign/2-2-B-00194.pt,542074404f8290817b73e6ae3e3a147ae700023ba7199103099e36b36d203beb,58603269,pt,F,pickle,,,Bingsu/yolo-world-mirror,1;2;3
2-2-B-00195,Public Artifact Benign,data/public_artifact_benign/2-2-B-00195.bin,9e73a46f5156d8602bde5c1d0d60e658e0dc00339949ca3dfcada6188f28678c,1718660936,bin,F,pickle,,,flair/ner-multi,1;2;3
2-2-B-00200,Public Artifact Benign,data/public_artifact_benign/2-2-B-00200.bin,de6cfb26621bcfd1c495189a25bed7f143d7ce31b4316613a433e9773dabb4f3,8504,bin,F,pickle,,,microsoft/GUI-Actor-7B-Qwen2.5-VL,1;2;3
2-2-B-00201,Public Artifact Benign,data/public_artifact_benign/2-2-B-00201.bin,66215b73b3b13687cbe049e66e4c833ec4e8ede0c26611f4e787f622cdac6ea7,5051,bin,F,pickle,,,knalin55/CUNI_FT-CROSS-LoRA,1;2;3
2-2-B-00202,Public Artifact Benign,data/public_artifact_benign/2-2-B-00202.bin,1936d5160fc581636dda01753b26bf26dba5209c8023882a53d343cc4af65656,1479587019,bin,F,pickle,,,flair/ner-german-legal,1;2;3
2-2-B-00203,Public Artifact Benign,data/public_artifact_benign/2-2-B-00203.bin,43f0b2dd74ade8e773d9800edbd804abcacc6217c6fc5b7cbcdcce6ea4e69e79,3771,bin,F,pickle,,,medalpaca/medalpaca-7b,1;2;3
2-2-B-00205,Public Artifact Benign,data/public_artifact_benign/2-2-B-00205.pt,534364abfe584ae9507e6e7d35bdfb0c35058b65dd8272b88bb301521a1d7741,27162981,pt,F,pickle,,,Bingsu/yolo-world-mirror,1;2;3
2-2-B-00206,Public Artifact Benign,data/public_artifact_benign/2-2-B-00206.pt,b5684835e79fd8b805459e0f7a0f9daa437e421cb4a214fff45ec4ac61767ef9,23850795,pt,F,pickle,,,MidnightRunner/Ultralytics,1;2;3
2-2-B-00209,Public Artifact Benign,data/public_artifact_benign/2-2-B-00209.pt,32ada96a3aad2ed0c9e900d4de047e0f63cb72ce654a3ed65baca5eaec255436,23826114,pt,F,pickle,,,MidnightRunner/Ultralytics,1;2;3
2-2-B-00210,Public Artifact Benign,data/public_artifact_benign/2-2-B-00210.pt,029e36039b533e26a4b380af78957eb4fb85bc417b1df0a189af0483b7f40fa7,6777003,pt,F,pickle,,,MidnightRunner/Ultralytics,1;2;3
2-2-B-00214,Public Artifact Benign,data/public_artifact_benign/2-2-B-00214.pt,55f1db15ceed68cb2035bdf1fe4b6152bce2c56915c7e16653a192f86deeb4a0,23853795,pt,F,pickle,,,MidnightRunner/Ultralytics,1;2;3
2-2-B-00215,Public Artifact Benign,data/public_artifact_benign/2-2-B-00215.pt,0dc8136e6278f6c9986cb075e7921d232e4940928ef9d0e4518e7fcc678e3dfd,6841144,pt,F,pickle,,,MidnightRunner/Ultralytics,1;2;3
